Timestamp,Quel est votre âge ?,Quel est votre genre?,Quel est votre canton de résidence ?,Quelle est votre situation actuelle?,Quels appareils électroniques possédez-vous ?,Combien d'heures par jour passez-vous en moyenne devant vos écrans ?,Utilisez-vous des écrans pour vos études ou votre travail ?,Combien d'heures par jour utilisez-vous des écrans pour vos études/travail ?,Quels outils numériques utilisez-vous principalement pour vos études/travail ?,Quels réseaux sociaux utilisez-vous le plus régulièrement ?,Combien de temps passez-vous quotidiennement sur les réseaux sociaux ?,Jouez-vous aux jeux vidéo ?,Sur quels appareils jouez-vous principalement ? ,Combien d'heures en moyenne par jour passez-vous devant les jeux vidéos ?,Quelles plateformes de streaming utilisez-vous ?,Combien d'heures par jour regardez-vous du contenu en streaming ?,Pensez-vous que votre temps d'écran a un impact sur votre :,Avez-vous déjà essayé de réduire votre temps d'écran ?,Utilisez-vous des applications ou des fonctionnalités de contrôle du temps d'écran ?,À quelle fréquence vérifiez-vous vos appareils en dehors des heures de travail/études ?,Allez-vous directement sur votre smartphone dès le réveil ?,Comment évaluez-vous votre équilibre entre vie numérique et vie réelle ?,Quelles stratégies utilisez-vous actuellement pour réguler votre temps d'écran ?,Pensez-vous que votre temps d'écran a déjà eu un impact sur l'atteinte de vos objectifs de vie ?,Pensez-vous que votre temps d'écran est trop élevé ?
2025/03/30 02:22:38 PM GMT+2,10-14 ans,Masculin,VS,Élève/Étudiant,Smartphone;Ordinateur portable;Télévision,Plus de 6 heures,Oui,1-2 heures,Tablette;Smartphone,"Messagerie (WhatsApp, Signal, etc.);TikTok;Snapchat;YouTube",1 à 2 heures,Oui,Ordinateur;Smartphone;Tablette,1-2 heures,YouTube,1 à 2 heures,Santé mentale,"Oui, sans succès",Non,Très fréquemment (toutes les 15 minutes),Oui,Moyen,Aucune stratégie,Non,Non
2025/03/28 06:39:01 PM GMT+2,15-19 ans,Féminin,Autre,Élève/Étudiant,Smartphone;Console de jeux;Télévision,Plus de 6 heures,Oui,1-2 heures,Ordinateur,"Messagerie (WhatsApp, Signal, etc.);TikTok;Instagram;YouTube",3 à 4 heures,Oui,Tablette,3-4 heures,Netflix;YouTube;Twitch,Plus de 4 heures,Santé mentale;Productivité,"Oui, sans succès",Non,Très fréquemment (toutes les 15 minutes),Non,Moyen,Modes de concentration/productivité sur les appareils,Oui,Oui
2025/04/24 06:25:13 AM GMT+2,20-29 ans,Masculin,NE,Élève/Étudiant,Smartphone;Ordinateur portable,5-6 heures,Oui,Moins de 1 heure,Ordinateur,"Messagerie (WhatsApp, Signal, etc.);TikTok;Instagram;YouTube",2 à 3 heures,Oui,Console de jeux;Ordinateur;Smartphone;Tablette,Moins d'une heure,YouTube,2 à 3 heures,Productivité;Motivation,"Oui, sans succès",Non,Très fréquemment (toutes les 15 minutes),Oui,Mauvais,Aucune stratégie,Non,Oui
2025/04/01 03:32:09 PM GMT+2,60-70 ans,Féminin,NE,Retraité,Smartphone,1-2 heures,Non,,,"Messagerie (WhatsApp, Signal, etc.);YouTube",Moins de 30 minutes,Non,,,YouTube,1 à 2 heures,Santé mentale,"Oui, sans succès",Non,Très fréquemment (toutes les 15 minutes),Non,Moyen,Aucune stratégie,Oui,Oui
2025/04/23 03:30:29 AM GMT+2,30-39 ans,Masculin,NE,Employé,Smartphone;Console de jeux;Télévision,3-4 heures,Oui,3-4 heures,Smartphone,"Messagerie (WhatsApp, Signal, etc.);YouTube;LinkedIn",1 à 2 heures,Non,,,Netflix;Amazon Prime Video;Twitch,1 à 2 heures,,"Oui, avec succès",Non,Fréquemment (toutes les 30 minutes),Oui,Moyen,Modes de concentration/productivité sur les appareils;Limites de temps d'écran définies dans les paramètres des applications,Oui,Non
2025/04/08 10:37:22 PM GMT+2,10-14 ans,Féminin,NE,Élève/Étudiant,Smartphone;Ordinateur portable;Tablette,5-6 heures,Oui,1-2 heures,Ordinateur;Tablette;Smartphone,"Messagerie (WhatsApp, Signal, etc.);TikTok;Instagram;Snapchat;YouTube;Facebook",2 à 3 heures,Oui,Console de jeux;Smartphone;Tablette,3-4 heures,Netflix;YouTube,2 à 3 heures,Santé mentale;Productivité,"Oui, sans succès",Non,Très fréquemment (toutes les 15 minutes),Oui,Très mauvais,Aucune stratégie,Pas pour le moment,Oui
2025/04/26 12:46:32 AM GMT+2,30-39 ans,Masculin,NE,Employé,Smartphone,5-6 heures,Oui,4-5 heures,Ordinateur,"Messagerie (WhatsApp, Signal, etc.);YouTube;LinkedIn",Plus de 4 heures,Oui,Smartphone,3-4 heures,YouTube,2 à 3 heures,Santé mentale;Relations sociales,"Non, jamais",Non,Occasionnellement (quelques fois par heure),Non,Bon,Mode “ne pas déranger”;Désactivation des notifications,Pas pour le moment,Oui
2025/04/08 02:36:32 PM GMT+2,20-29 ans,Masculin,NE,Employé,Smartphone;Ordinateur portable;Tablette;Console de jeux;Télévision,Plus de 6 heures,Oui,3-4 heures,Ordinateur,Instagram;YouTube,1 à 2 heures,Oui,Smartphone,1-2 heures,Netflix,3 à 4 heures,Santé mentale,"Oui, sans succès",Oui,Très fréquemment (toutes les 15 minutes),Oui,Moyen,Modes de concentration/productivité sur les appareils;Limites de temps d'écran définies dans les paramètres des applications;Applications de suivi du temps d'écran,Non,Oui
2025/04/15 11:39:31 AM GMT+2,15-19 ans,Masculin,GE,Élève/Étudiant,Ordinateur de bureau;Console de jeux;Télévision;Smartphone,Plus de 6 heures,Oui,3-4 heures,Ordinateur,"Messagerie (WhatsApp, Signal, etc.);TikTok;Instagram;Snapchat",3 à 4 heures,Oui,Console de jeux;Smartphone,Plus de 6 heures,Twitch,1 à 2 heures,Santé mentale;Sommeil;Motivation,"Oui, sans succès",Non,Fréquemment (toutes les 30 minutes),Oui,Mauvais,Aucune stratégie,Pas pour le moment,Oui
2025/04/13 12:20:23 PM GMT+2,40-49 ans,Masculin,NE,Employé,Smartphone;Ordinateur portable;Ordinateur de bureau;Liseuse;Télévision,5-6 heures,Oui,3-4 heures,Ordinateur,"Messagerie (WhatsApp, Signal, etc.);YouTube",Plus de 4 heures,Non,,,YouTube,3 à 4 heures,Relations sociales;Productivité,"Oui, sans succès",Non,Fréquemment (toutes les 30 minutes),Oui,Moyen,Aucune stratégie,Non,Oui
2025/04/03 05:26:10 AM GMT+2,30-39 ans,Féminin,NE,Indépendant,Smartphone;Ordinateur portable;Tablette;Console de jeux,3-4 heures,Oui,3-4 heures,Smartphone,"Messagerie (WhatsApp, Signal, etc.);Instagram;Facebook;LinkedIn",1 à 2 heures,Oui,Console de jeux;Ordinateur,3-4 heures,Netflix,1 à 2 heures,Productivité,"Oui, sans succès",Oui,Rarement,Oui,Moyen,Aucune stratégie,Non,Oui
2025/04/04 07:08:04 AM GMT+2,30-39 ans,Féminin,NE,Employé,Smartphone,5-6 heures,Oui,Plus de 5 heures,Ordinateur,"Messagerie (WhatsApp, Signal, etc.);YouTube;Facebook;LinkedIn",30 minutes à 1 heure,Non,,,Netflix;Amazon Prime Video,3 à 4 heures,Sommeil,"Non, jamais",Oui,Occasionnellement (quelques fois par heure),Non,Bon,Limites de temps d'écran définies dans les paramètres des applications;Applications de suivi du temps d'écran,Non,Oui
2025/04/09 10:11:22 AM GMT+2,40-49 ans,Féminin,VD,Employé,Smartphone;Ordinateur portable;Console de jeux;Télévision,3-4 heures,Non,,,"Messagerie (WhatsApp, Signal, etc.);YouTube;Facebook;LinkedIn",1 à 2 heures,Non,,,Netflix;Disney+,1 à 2 heures,Productivité,"Non, jamais",Non,Très fréquemment (toutes les 15 minutes),Oui,Moyen,Aucune stratégie,Oui,Oui
2025/03/29 07:19:32 AM GMT+2,30-39 ans,Féminin,VD,Employé,Smartphone;Ordinateur portable;Tablette;Console de jeux;Télévision,Plus de 6 heures,Oui,4-5 heures,Ordinateur;Smartphone,"Messagerie (WhatsApp, Signal, etc.);Instagram",2 à 3 heures,Non,,,Disney+;YouTube,2 à 3 heures,Santé mentale,"Oui, sans succès",Non,Fréquemment (toutes les 30 minutes),Oui,Moyen,Aucune stratégie,Pas pour le moment,Oui
2025/04/18 04:41:47 AM GMT+2,20-29 ans,Féminin,NE,Élève/Étudiant,Smartphone;Ordinateur de bureau;Télévision,Plus de 6 heures,Oui,1-2 heures,Ordinateur,"Messagerie (WhatsApp, Signal, etc.);TikTok;Instagram;YouTube",1 à 2 heures,Oui,Tablette,1-2 heures,Netflix;YouTube,3 à 4 heures,Productivité,"Non, jamais",Non,Très fréquemment (toutes les 15 minutes),Oui,Moyen,Aucune stratégie,Non,Oui
2025/03/27 05:42:42 PM GMT+2,50-59 ans,Féminin,VS,Indépendant,Smartphone;Ordinateur portable;Tablette;Télévision,1-2 heures,Oui,3-4 heures,Ordinateur,"Messagerie (WhatsApp, Signal, etc.);YouTube",Moins de 30 minutes,Non,,,Netflix;YouTube,Moins de 1 heure,Productivité,"Oui, sans succès",Non,Rarement,Non,Très bon,Modes de concentration/productivité sur les appareils,Non,Oui
2025/04/24 04:13:04 AM GMT+2,15-19 ans,Féminin,GE,Élève/Étudiant,Smartphone;Tablette;Télévision,Plus de 6 heures,Oui,4-5 heures,Ordinateur,"Messagerie (WhatsApp, Signal, etc.);Instagram;YouTube",3 à 4 heures,Oui,Console de jeux;Smartphone,3-4 heures,YouTube,1 à 2 heures,Santé mentale;Relations sociales;Productivité,"Oui, avec succès",Oui,Fréquemment (toutes les 30 minutes),Oui,Moyen,Modes de concentration/productivité sur les appareils,Oui,Je peux mieux faire
2025/04/22 02:59:16 PM GMT+2,50-59 ans,Masculin,NE,Employé,Smartphone;Tablette;Console de jeux,Moins d'une heure,Oui,Plus de 5 heures,Ordinateur,"Messagerie (WhatsApp, Signal, etc.);Facebook",1 à 2 heures,Oui,Tablette,1-2 heures,YouTube,Moins de 1 heure,Aucun impact,"Non, jamais",Non,Occasionnellement (quelques fois par heure),Non,Très bon,Aucune stratégie,Non,Non
2025/04/22 07:40:36 AM GMT+2,20-29 ans,Masculin,FR,Employé,Smartphone;Ordinateur portable,Plus de 6 heures,Oui,3-4 heures,Smartphone,"Messagerie (WhatsApp, Signal, etc.);YouTube",2 à 3 heures,Oui,Console de jeux,1-2 heures,YouTube,3 à 4 heures,Santé mentale;Sommeil;Productivité;Motivation,"Oui, sans succès",Non,Très fréquemment (toutes les 15 minutes),Oui,Moyen,Désactivation des notifications,Non,Oui
2025/04/19 11:13:42 PM GMT+2,15-19 ans,Masculin,VD,Élève/Étudiant,Smartphone;Tablette;Console de jeux;Télévision,5-6 heures,Oui,1-2 heures,Ordinateur,"Messagerie (WhatsApp, Signal, etc.);TikTok;YouTube",2 à 3 heures,Oui,Smartphone,3-4 heures,YouTube,3 à 4 heures,Santé mentale;Sommeil;Motivation,"Oui, sans succès",Non,Très fréquemment (toutes les 15 minutes),Oui,Mauvais,Aucune stratégie,Non,Non
2025/04/07 12:54:45 AM GMT+2,20-29 ans,Féminin,Autre,Élève/Étudiant,Smartphone;Tablette;Liseuse;Console de jeux;Télévision,3-4 heures,Oui,1-2 heures,Ordinateur,"Messagerie (WhatsApp, Signal, etc.);Instagram;Twitter/X;Facebook;LinkedIn",2 à 3 heures,Oui,Console de jeux;Ordinateur,Moins d'une heure,Netflix;Amazon Prime Video;YouTube,Moins de 1 heure,Santé mentale,"Oui, sans succès",Non,Très fréquemment (toutes les 15 minutes),Oui,Très mauvais,Aucune stratégie,Oui,Oui
2025/04/25 10:25:18 PM GMT+2,10-14 ans,Féminin,NE,Élève/Étudiant,Smartphone;Ordinateur portable;Console de jeux,5-6 heures,Oui,3-4 heures,Ordinateur;Tablette,"Messagerie (WhatsApp, Signal, etc.);Instagram;YouTube;Facebook",2 à 3 heures,Oui,Console de jeux;Smartphone,3-4 heures,Amazon Prime Video;YouTube;Twitch,1 à 2 heures,Santé mentale,"Oui, sans succès",Oui,Fréquemment (toutes les 30 minutes),Oui,Moyen,Limites de temps d'écran définies dans les paramètres des applications,Pas pour le moment,Je peux mieux faire
2025/04/12 10:18:17 AM GMT+2,15-19 ans,Masculin,VD,Élève/Étudiant,Smartphone;Console de jeux,Plus de 6 heures,Oui,1-2 heures,Ordinateur;Smartphone,"Messagerie (WhatsApp, Signal, etc.);TikTok;Instagram;Snapchat;Twitter/X",3 à 4 heures,Oui,Console de jeux;Ordinateur;Smartphone,1-2 heures,Netflix;YouTube,2 à 3 heures,Sommeil,"Oui, sans succès",Non,Fréquemment (toutes les 30 minutes),Oui,Mauvais,Aucune stratégie,Oui,Je peux mieux faire
2025/04/06 01:12:23 AM GMT+2,40-49 ans,Masculin,NE,Sans emploi,Smartphone;Montre connectée,Plus de 6 heures,Oui,3-4 heures,Ordinateur,"Messagerie (WhatsApp, Signal, etc.);Snapchat;YouTube;LinkedIn",Plus de 4 heures,Non,,,YouTube,2 à 3 heures,Santé mentale;Sommeil;Productivité,"Non, jamais",Non,Fréquemment (toutes les 30 minutes),Oui,Mauvais,Aucune stratégie,Non,Oui
2025/04/06 05:24:12 PM GMT+2,15-19 ans,Masculin,NE,Élève/Étudiant,Smartphone;Ordinateur portable;Console de jeux;Télévision;Montre connectée,Plus de 6 heures,Oui,1-2 heures,Ordinateur,"Messagerie (WhatsApp, Signal, etc.);TikTok;Instagram;Snapchat",1 à 2 heures,Oui,Console de jeux;Smartphone,Moins d'une heure,Amazon Prime Video;YouTube,1 à 2 heures,Santé mentale;Productivité,"Oui, sans succès",Oui,Très fréquemment (toutes les 15 minutes),Oui,Moyen,Limites de temps d'écran définies dans les paramètres des applications,Pas pour le moment,Je peux mieux faire
2025/03/31 02:48:05 AM GMT+2,20-29 ans,Masculin,NE,Élève/Étudiant,Smartphone;Télévision,Plus de 6 heures,Oui,1-2 heures,Ordinateur,"Messagerie (WhatsApp, Signal, etc.);YouTube",2 à 3 heures,Non,,,Netflix;YouTube,3 à 4 heures,Santé mentale;Relations sociales;Motivation,"Oui, sans succès",Oui,Très fréquemment (toutes les 15 minutes),Oui,Très mauvais,Aucune stratégie,Oui,Oui
2025/04/23 03:45:50 PM GMT+2,40-49 ans,Féminin,NE,Employé,Smartphone;Console de jeux;Montre connectée,1-2 heures,Oui,3-4 heures,Tablette;Smartphone,"Messagerie (WhatsApp, Signal, etc.);TikTok;YouTube;Facebook;LinkedIn",30 minutes à 1 heure,Non,,,YouTube,Moins de 1 heure,Santé mentale;Relations sociales;Productivité,"Oui, avec succès",Non,Occasionnellement (quelques fois par heure),Non,Très bon,Mode “ne pas déranger”,Oui,Oui
2025/04/21 10:06:53 AM GMT+2,30-39 ans,Féminin,NE,Employé,Smartphone;Ordinateur portable;Montre connectée,3-4 heures,Oui,Plus de 5 heures,Ordinateur,Twitter/X;LinkedIn,1 à 2 heures,Non,,,Netflix,1 à 2 heures,,"Non, jamais",Non,Occasionnellement (quelques fois par heure),Oui,Bon,Aucune stratégie,Oui,Je peux mieux faire
2025/04/24 10:04:59 AM GMT+2,50-59 ans,Masculin,NE,Employé,Smartphone,1-2 heures,Oui,Moins de 1 heure,Ordinateur,"Messagerie (WhatsApp, Signal, etc.);YouTube",Moins de 30 minutes,Oui,Smartphone;Tablette,Moins d'une heure,Netflix;YouTube,Moins de 1 heure,Aucun impact,"Non, jamais",Oui,Jamais,Non,Bon,Limites de temps d'écran définies dans les paramètres des applications,Non,Oui
2025/04/10 10:34:11 AM GMT+2,20-29 ans,Féminin,VS,Sans emploi,Smartphone;Console de jeux,5-6 heures,Oui,1-2 heures,Smartphone,"Messagerie (WhatsApp, Signal, etc.);YouTube;LinkedIn",2 à 3 heures,Non,,,Amazon Prime Video;YouTube,1 à 2 heures,Santé mentale;Relations sociales,"Oui, avec succès",Oui,Très fréquemment (toutes les 15 minutes),Oui,Moyen,Modes de concentration/productivité sur les appareils,Oui,Oui
2025/04/16 07:20:26 AM GMT+2,50-59 ans,Masculin,GE,Autre,Smartphone;Télévision,Moins d'une heure,Non,,,"Messagerie (WhatsApp, Signal, etc.);Twitter/X;YouTube;Facebook",30 minutes à 1 heure,Non,,,YouTube,Moins de 1 heure,Aucun impact,"Oui, avec succès",Non,Fréquemment (toutes les 30 minutes),Non,Très bon,Modes de concentration/productivité sur les appareils,Oui,Non
2025/03/30 03:15:17 PM GMT+2,15-19 ans,Féminin,NE,Élève/Étudiant,Smartphone;Ordinateur de bureau;Tablette;Console de jeux,5-6 heures,Oui,1-2 heures,Ordinateur;Smartphone,TikTok;Instagram;Snapchat;YouTube,1 à 2 heures,Oui,Console de jeux;Ordinateur;Smartphone,3-4 heures,Netflix;YouTube;Twitch,2 à 3 heures,Sommeil,"Oui, sans succès",Oui,Très fréquemment (toutes les 15 minutes),Oui,Bon,Modes de concentration/productivité sur les appareils;Limites de temps d'écran définies dans les paramètres des applications,Pas pour le moment,Je peux mieux faire
2025/04/19 09:24:17 AM GMT+2,10-14 ans,Masculin,GE,Élève/Étudiant,Console de jeux;Montre connectée;Smartphone,3-4 heures,Oui,Moins de 1 heure,Ordinateur;Tablette,"Messagerie (WhatsApp, Signal, etc.);TikTok;Instagram;YouTube;Facebook",3 à 4 heures,Oui,Console de jeux;Ordinateur;Smartphone,Moins d'une heure,Netflix,2 à 3 heures,Santé mentale;Relations sociales;Productivité,"Non, jamais",Non,Très fréquemment (toutes les 15 minutes),Oui,Bon,Modes de concentration/productivité sur les appareils;Limites de temps d'écran définies dans les paramètres des applications,Non,Je peux mieux faire
2025/03/30 03:10:49 PM GMT+2,50-59 ans,Masculin,NE,Employé,Smartphone;Ordinateur portable;Tablette;Console de jeux,1-2 heures,Oui,1-2 heures,Ordinateur,"Messagerie (WhatsApp, Signal, etc.);Twitter/X;YouTube",30 minutes à 1 heure,Non,,,Aucune,Moins de 1 heure,,"Non, jamais",Non,Rarement,Non,Moyen,Limites de temps d'écran définies dans les paramètres des applications,Oui,Non
2025/04/06 08:32:53 PM GMT+2,50-59 ans,Féminin,NE,Sans emploi,Smartphone;Ordinateur portable;Ordinateur de bureau,Moins d'une heure,Oui,1-2 heures,Ordinateur;Smartphone,"Messagerie (WhatsApp, Signal, etc.);Twitter/X;YouTube;Facebook",30 minutes à 1 heure,Non,,,YouTube,Moins de 1 heure,Aucun impact,"Oui, avec succès",Non,Jamais,Oui,Très bon,Aucune stratégie,Oui,Non
2025/04/18 04:14:26 PM GMT+2,30-39 ans,Féminin,NE,Employé,Smartphone;Ordinateur portable;Tablette;Télévision,5-6 heures,Oui,Plus de 5 heures,Ordinateur;Smartphone,"Messagerie (WhatsApp, Signal, etc.);YouTube",3 à 4 heures,Non,,,YouTube,3 à 4 heures,Santé mentale;Sommeil,"Oui, avec succès",Non,Occasionnellement (quelques fois par heure),Oui,Moyen,Désactivation des notifications,Non,Oui
2025/04/29 09:25:24 PM GMT+2,15-19 ans,Féminin,NE,Élève/Étudiant,Smartphone;Montre connectée,Plus de 6 heures,Oui,3-4 heures,Ordinateur,"Messagerie (WhatsApp, Signal, etc.);TikTok;Instagram;Twitter/X;YouTube",Plus de 4 heures,Oui,Console de jeux;Smartphone,3-4 heures,Disney+;YouTube;Twitch,3 à 4 heures,Relations sociales,"Oui, sans succès",Non,Très fréquemment (toutes les 15 minutes),Oui,Moyen,Limites de temps d'écran définies dans les paramètres des applications,Oui,Je peux mieux faire
2025/03/28 03:53:22 AM GMT+2,50-59 ans,Masculin,NE,Employé,Smartphone;Télévision,1-2 heures,Oui,1-2 heures,Ordinateur,"Messagerie (WhatsApp, Signal, etc.);YouTube;Facebook",Moins de 30 minutes,Oui,Smartphone,3-4 heures,YouTube,Moins de 1 heure,Motivation,"Non, jamais",Oui,Occasionnellement (quelques fois par heure),Oui,Moyen,Aucune stratégie,Non,Oui
2025/04/14 05:00:03 PM GMT+2,15-19 ans,Féminin,NE,Élève/Étudiant,Smartphone;Télévision,Plus de 6 heures,Oui,Moins de 1 heure,Ordinateur,"Messagerie (WhatsApp, Signal, etc.);TikTok;Snapchat;Twitter/X;YouTube;Facebook",3 à 4 heures,Oui,Smartphone;Tablette,1-2 heures,Amazon Prime Video;YouTube;Twitch,3 à 4 heures,Sommeil;Relations sociales,"Non, jamais",Oui,Très fréquemment (toutes les 15 minutes),Oui,Très bon,Aucune stratégie,Oui,Je peux mieux faire
2025/04/15 07:52:00 AM GMT+2,20-29 ans,Féminin,GE,Élève/Étudiant,Smartphone;Ordinateur portable,3-4 heures,Oui,3-4 heures,Ordinateur,"Messagerie (WhatsApp, Signal, etc.)",2 à 3 heures,Non,,,YouTube;Twitch,2 à 3 heures,,"Non, jamais",Oui,Fréquemment (toutes les 30 minutes),Oui,Bon,Limites de temps d'écran définies dans les paramètres des applications,Non,Oui
2025/04/15 12:20:15 AM GMT+2,20-29 ans,Féminin,VD,Employé,Smartphone;Ordinateur portable;Console de jeux;Télévision;Montre connectée,3-4 heures,Oui,1-2 heures,Ordinateur,"Messagerie (WhatsApp, Signal, etc.);Instagram;Snapchat;Twitter/X;YouTube",1 à 2 heures,Oui,Console de jeux;Ordinateur,3-4 heures,YouTube,Moins de 1 heure,,"Non, jamais",Oui,Très fréquemment (toutes les 15 minutes),Non,Bon,Limites de temps d'écran définies dans les paramètres des applications,Non,Non
2025/04/24 11:14:48 AM GMT+2,40-49 ans,Féminin,VS,Employé,Smartphone;Tablette;Liseuse;Console de jeux,Plus de 6 heures,Oui,Plus de 5 heures,Ordinateur,"Messagerie (WhatsApp, Signal, etc.);Twitter/X;YouTube",2 à 3 heures,Non,,,Aucune,2 à 3 heures,Santé mentale,"Non, jamais",Non,Fréquemment (toutes les 30 minutes),Non,Moyen,Aucune stratégie,Pas pour le moment,Je peux mieux faire
2025/04/24 07:39:17 PM GMT+2,20-29 ans,Féminin,NE,Élève/Étudiant,Smartphone;Ordinateur portable;Télévision;Montre connectée,Plus de 6 heures,Oui,1-2 heures,Ordinateur,"Messagerie (WhatsApp, Signal, etc.);TikTok",2 à 3 heures,Oui,Console de jeux,1-2 heures,YouTube,2 à 3 heures,Santé mentale;Sommeil;Productivité,"Non, jamais",Non,Fréquemment (toutes les 30 minutes),Oui,Bon,Limites de temps d'écran définies dans les paramètres des applications,Oui,Non
2025/04/24 02:24:47 PM GMT+2,10-14 ans,Masculin,FR,Élève/Étudiant,Smartphone;Tablette;Console de jeux,Plus de 6 heures,Oui,1-2 heures,Ordinateur;Tablette,"Messagerie (WhatsApp, Signal, etc.);TikTok;Instagram;Snapchat;Twitter/X;YouTube",3 à 4 heures,Oui,Console de jeux;Smartphone;Tablette,1-2 heures,YouTube;Twitch,1 à 2 heures,Sommeil,"Non, jamais",Non,Fréquemment (toutes les 30 minutes),Oui,Très mauvais,Aucune stratégie,Non,Oui
2025/04/11 01:39:02 AM GMT+2,20-29 ans,Féminin,NE,Employé,Smartphone;Ordinateur portable,Plus de 6 heures,Oui,4-5 heures,Ordinateur,Instagram;Snapchat;Twitter/X;YouTube,3 à 4 heures,Non,,,YouTube,2 à 3 heures,Santé mentale,"Oui, sans succès",Oui,Occasionnellement (quelques fois par heure),Oui,Moyen,Applications de suivi du temps d'écran,Pas pour le moment,Oui
2025/04/18 12:31:25 AM GMT+2,40-49 ans,Masculin,NE,Indépendant,Smartphone;Liseuse,5-6 heures,Oui,3-4 heures,Ordinateur,"Messagerie (WhatsApp, Signal, etc.);Twitter/X;YouTube;LinkedIn",1 à 2 heures,Non,,,Netflix,2 à 3 heures,Relations sociales,"Oui, sans succès",Non,Très fréquemment (toutes les 15 minutes),Oui,Mauvais,Aucune stratégie,Oui,Oui
2025/04/23 09:45:09 PM GMT+2,20-29 ans,Féminin,NE,Élève/Étudiant,Smartphone;Console de jeux;Télévision,3-4 heures,Oui,3-4 heures,Ordinateur;Tablette,"Messagerie (WhatsApp, Signal, etc.);Instagram;Facebook",2 à 3 heures,Oui,Console de jeux;Ordinateur;Smartphone,1-2 heures,Netflix;YouTube;Twitch,Moins de 1 heure,,"Oui, sans succès",Non,Fréquemment (toutes les 30 minutes),Oui,Mauvais,Aucune stratégie,Non,Oui
2025/03/29 11:50:51 AM GMT+2,20-29 ans,Féminin,NE,Élève/Étudiant,Smartphone;Ordinateur portable;Ordinateur de bureau;Télévision,5-6 heures,Oui,1-2 heures,Ordinateur,"Messagerie (WhatsApp, Signal, etc.);Instagram;Twitter/X;LinkedIn",3 à 4 heures,Oui,Smartphone,1-2 heures,Netflix,2 à 3 heures,Santé mentale;Relations sociales,"Non, jamais",Oui,Très fréquemment (toutes les 15 minutes),Oui,Mauvais,Aucune stratégie,Pas pour le moment,Oui
2025/04/25 06:43:24 PM GMT+2,30-39 ans,Féminin,NE,Employé,Smartphone;Ordinateur portable;Ordinateur de bureau,3-4 heures,Oui,1-2 heures,Ordinateur;Smartphone,"Messagerie (WhatsApp, Signal, etc.);Instagram;YouTube",2 à 3 heures,Non,,,YouTube,Moins de 1 heure,Sommeil;Productivité,"Non, jamais",Non,Occasionnellement (quelques fois par heure),Oui,Bon,Mode “ne pas déranger”,Oui,Oui
2025/04/10 06:49:48 PM GMT+2,15-19 ans,Féminin,NE,Élève/Étudiant,Smartphone;Ordinateur de bureau;Console de jeux;Télévision;Montre connectée,5-6 heures,Oui,Moins de 1 heure,Ordinateur,"Messagerie (WhatsApp, Signal, etc.);TikTok;Snapchat;YouTube",1 à 2 heures,Oui,Console de jeux;Smartphone;Tablette,1-2 heures,Aucune,2 à 3 heures,Sommeil;Motivation,"Oui, sans succès",Oui,Très fréquemment (toutes les 15 minutes),Oui,Moyen,Limites de temps d'écran définies dans les paramètres des applications;Applications de suivi du temps d'écran,Non,Oui
2025/03/28 12:15:42 AM GMT+2,10-14 ans,Féminin,NE,Élève/Étudiant,Smartphone;Ordinateur portable;Console de jeux;Télévision,Plus de 6 heures,Oui,1-2 heures,Ordinateur;Tablette;Smartphone,"Messagerie (WhatsApp, Signal, etc.);Instagram;Snapchat;YouTube",3 à 4 heures,Oui,Ordinateur;Smartphone;Tablette,Moins d'une heure,YouTube;Twitch,2 à 3 heures,Santé mentale,"Oui, sans succès",Non,Fréquemment (toutes les 30 minutes),Oui,Moyen,Limites de temps d'écran définies dans les paramètres des applications,Non,Oui
2025/03/30 04:26:31 PM GMT+2,20-29 ans,Féminin,NE,Élève/Étudiant,Smartphone;Télévision,Plus de 6 heures,Oui,1-2 heures,Smartphone,"Messagerie (WhatsApp, Signal, etc.);TikTok;YouTube;Facebook",3 à 4 heures,Oui,Smartphone,1-2 heures,Netflix;YouTube;Twitch,2 à 3 heures,Sommeil,"Oui, sans succès",Non,Fréquemment (toutes les 30 minutes),Oui,Mauvais,Aucune stratégie,Oui,Non
2025/04/04 06:15:46 AM GMT+2,30-39 ans,Féminin,NE,Indépendant,Smartphone;Tablette;Liseuse;Console de jeux;Montre connectée,5-6 heures,Oui,4-5 heures,Ordinateur,"Messagerie (WhatsApp, Signal, etc.);Snapchat;Facebook",1 à 2 heures,Oui,Smartphone,1-2 heures,YouTube,2 à 3 heures,Santé mentale;Sommeil;Motivation,"Non, jamais",Non,Occasionnellement (quelques fois par heure),Non,Bon,Aucune stratégie,Oui,Oui
2025/04/03 10:31:43 AM GMT+2,15-19 ans,Masculin,NE,Élève/Étudiant,Smartphone;Ordinateur portable;Ordinateur de bureau;Tablette;Liseuse;Console de jeux,Moins d'une heure,Oui,1-2 heures,Ordinateur;Tablette,"Messagerie (WhatsApp, Signal, etc.);TikTok;Instagram;Snapchat;Twitter/X;YouTube;Facebook",1 à 2 heures,Oui,Smartphone,1-2 heures,Twitch,1 à 2 heures,Aucun impact,"Oui, avec succès",Non,Occasionnellement (quelques fois par heure),Oui,Bon,Limites de temps d'écran définies dans les paramètres des applications,Oui,Non
2025/04/29 01:11:20 PM GMT+2,30-39 ans,Masculin,GE,Employé,Smartphone;Ordinateur portable;Télévision;Montre connectée,1-2 heures,Oui,4-5 heures,Ordinateur,"Messagerie (WhatsApp, Signal, etc.);TikTok;YouTube",30 minutes à 1 heure,Oui,Ordinateur,1-2 heures,YouTube,1 à 2 heures,,"Non, jamais",Oui,Rarement,Oui,Moyen,Limites de temps d'écran définies dans les paramètres des applications,Non,Oui
2025/04/26 11:02:36 AM GMT+2,20-29 ans,Féminin,NE,Élève/Étudiant,Smartphone;Télévision,Plus de 6 heures,Oui,3-4 heures,Ordinateur;Smartphone,TikTok;YouTube;Facebook,Plus de 4 heures,Oui,Console de jeux;Smartphone;Tablette,5-6 heures,Twitch,Plus de 4 heures,Sommeil;Motivation,"Non, jamais",Oui,Occasionnellement (quelques fois par heure),Oui,Mauvais,Aucune stratégie,Oui,Oui
2025/04/01 11:36:10 AM GMT+2,15-19 ans,Féminin,NE,Employé,Smartphone;Ordinateur portable,Plus de 6 heures,Non,,,"Messagerie (WhatsApp, Signal, etc.);TikTok;Instagram;Snapchat;YouTube",2 à 3 heures,Oui,Console de jeux;Ordinateur;Smartphone,1-2 heures,YouTube;Twitch,2 à 3 heures,Santé mentale;Motivation,"Oui, sans succès",Non,Très fréquemment (toutes les 15 minutes),Oui,Moyen,Aucune stratégie,Oui,Oui
2025/03/29 10:41:42 PM GMT+2,20-29 ans,Féminin,NE,Employé,Smartphone;Console de jeux,5-6 heures,Oui,3-4 heures,Ordinateur;Smartphone,"Messagerie (WhatsApp, Signal, etc.);Instagram;Snapchat;Facebook;LinkedIn",1 à 2 heures,Oui,Console de jeux;Smartphone,3-4 heures,Netflix;Amazon Prime Video;YouTube,3 à 4 heures,Sommeil;Productivité,"Oui, sans succès",Oui,Très fréquemment (toutes les 15 minutes),Non,Mauvais,Aucune stratégie,Oui,Oui
2025/04/20 12:18:32 AM GMT+2,10-14 ans,Féminin,NE,Élève/Étudiant,Smartphone;Ordinateur portable;Ordinateur de bureau;Console de jeux;Télévision,Plus de 6 heures,Oui,3-4 heures,Ordinateur;Smartphone,TikTok;Snapchat;Twitter/X;YouTube;Facebook,3 à 4 heures,Oui,Console de jeux;Smartphone;Tablette,Moins d'une heure,Netflix;Disney+;YouTube;Twitch,2 à 3 heures,Sommeil,"Oui, avec succès",Oui,Très fréquemment (toutes les 15 minutes),Non,Moyen,Applications de suivi du temps d'écran,Pas pour le moment,Oui
2025/04/17 04:12:00 PM GMT+2,15-19 ans,Masculin,NE,Élève/Étudiant,Smartphone;Ordinateur portable;Ordinateur de bureau;Télévision,3-4 heures,Oui,1-2 heures,Ordinateur;Smartphone,"Messagerie (WhatsApp, Signal, etc.);TikTok;Instagram;Snapchat;YouTube",3 à 4 heures,Non,,,Netflix;YouTube;Twitch,1 à 2 heures,Santé mentale;Productivité,"Oui, sans succès",Oui,Fréquemment (toutes les 30 minutes),Oui,Bon,Limites de temps d'écran définies dans les paramètres des applications;Zones/moments sans écran dans la journée;Applications de suivi du temps d'écran,Non,Oui
2025/03/28 01:13:59 PM GMT+2,20-29 ans,Masculin,NE,Employé,Smartphone;Tablette,Plus de 6 heures,Oui,3-4 heures,Ordinateur,"Messagerie (WhatsApp, Signal, etc.);Instagram;Snapchat;Twitter/X",1 à 2 heures,Non,,,YouTube;Twitch,3 à 4 heures,Sommeil;Relations sociales;Productivité,"Oui, sans succès",Non,Très fréquemment (toutes les 15 minutes),Oui,Moyen,Aucune stratégie,Oui,Oui
2025/04/29 01:53:53 PM GMT+2,15-19 ans,Masculin,NE,Élève/Étudiant,Smartphone;Tablette;Console de jeux,5-6 heures,Non,,,TikTok;Snapchat;YouTube,2 à 3 heures,Oui,Console de jeux;Ordinateur;Smartphone,3-4 heures,YouTube,2 à 3 heures,Motivation,"Oui, avec succès",Non,Fréquemment (toutes les 30 minutes),Oui,Très mauvais,Aucune stratégie,Oui,Non
2025/04/15 09:12:08 PM GMT+2,40-49 ans,Féminin,NE,Employé,Smartphone;Télévision,5-6 heures,Non,,,YouTube;Facebook,1 à 2 heures,Oui,Smartphone,1-2 heures,YouTube,1 à 2 heures,Productivité,"Oui, sans succès",Non,Jamais,Non,Moyen,Aucune stratégie,Pas pour le moment,Oui
2025/04/24 07:56:33 AM GMT+2,15-19 ans,Masculin,NE,Élève/Étudiant,Liseuse;Console de jeux;Smartphone,3-4 heures,Oui,1-2 heures,Ordinateur;Tablette;Smartphone,"Messagerie (WhatsApp, Signal, etc.);TikTok;Instagram;YouTube",2 à 3 heures,Oui,Console de jeux;Smartphone,Plus de 6 heures,Netflix;Disney+;YouTube,2 à 3 heures,,"Non, jamais",Oui,Très fréquemment (toutes les 15 minutes),Oui,Bon,Limites de temps d'écran définies dans les paramètres des applications,Oui,Non
2025/03/27 12:22:26 AM GMT+2,40-49 ans,Masculin,NE,Employé,Smartphone;Télévision,Plus de 6 heures,Oui,Plus de 5 heures,Ordinateur,"Messagerie (WhatsApp, Signal, etc.);Instagram;Snapchat;Twitter/X;YouTube;Facebook;LinkedIn",2 à 3 heures,Oui,Smartphone,Moins d'une heure,YouTube,3 à 4 heures,Santé mentale;Sommeil;Relations sociales;Motivation,"Oui, sans succès",Non,Occasionnellement (quelques fois par heure),Oui,Bon,Aucune stratégie,Oui,Oui
2025/04/02 03:37:01 AM GMT+2,60-70 ans,Féminin,NE,Retraité,Smartphone;Ordinateur portable,5-6 heures,Non,,,"Messagerie (WhatsApp, Signal, etc.);Facebook",30 minutes à 1 heure,Oui,Ordinateur;Smartphone,Moins d'une heure,YouTube,3 à 4 heures,Santé mentale;Relations sociales;Motivation,"Oui, avec succès",Non,Occasionnellement (quelques fois par heure),Non,Très mauvais,Aucune stratégie,Pas pour le moment,Oui
2025/04/18 04:30:22 AM GMT+2,60-70 ans,Féminin,NE,Retraité,Smartphone;Ordinateur portable;Télévision,1-2 heures,Non,,,"Messagerie (WhatsApp, Signal, etc.);Facebook",Moins de 30 minutes,Non,,,Aucune,1 à 2 heures,Productivité,"Oui, sans succès",Oui,Occasionnellement (quelques fois par heure),Non,Bon,Limites de temps d'écran définies dans les paramètres des applications;Applications de suivi du temps d'écran,Oui,Je peux mieux faire
2025/04/14 02:27:37 AM GMT+2,40-49 ans,Féminin,NE,Sans emploi,Smartphone;Liseuse;Console de jeux;Télévision,5-6 heures,Oui,3-4 heures,Ordinateur;Tablette;Smartphone,"Messagerie (WhatsApp, Signal, etc.);YouTube",1 à 2 heures,Non,,,Netflix,2 à 3 heures,Productivité;Motivation,"Oui, sans succès",Non,Fréquemment (toutes les 30 minutes),Oui,Mauvais,Aucune stratégie,Pas pour le moment,Je peux mieux faire
2025/04/09 02:50:54 AM GMT+2,20-29 ans,Féminin,NE,Élève/Étudiant,Smartphone;Ordinateur portable;Tablette;Télévision,5-6 heures,Oui,1-2 heures,Ordinateur,"Messagerie (WhatsApp, Signal, etc.);TikTok;Instagram;YouTube",3 à 4 heures,Oui,Console de jeux;Ordinateur,3-4 heures,YouTube,2 à 3 heures,Aucun impact,"Oui, sans succès",Oui,Fréquemment (toutes les 30 minutes),Oui,Moyen,Aucune stratégie,Non,Oui
2025/04/24 02:22:52 AM GMT+2,15-19 ans,Féminin,NE,Élève/Étudiant,Smartphone;Liseuse;Console de jeux,Plus de 6 heures,Oui,3-4 heures,Ordinateur,"Messagerie (WhatsApp, Signal, etc.);TikTok;Snapchat;Twitter/X;YouTube",3 à 4 heures,Oui,Console de jeux;Ordinateur;Smartphone,3-4 heures,YouTube;Twitch,Plus de 4 heures,Sommeil;Productivité,"Oui, sans succès",Non,Très fréquemment (toutes les 15 minutes),Oui,Moyen,Modes de concentration/productivité sur les appareils;Mode “ne pas déranger”,Oui,Oui
2025/04/27 08:37:58 PM GMT+2,20-29 ans,Féminin,NE,Employé,Smartphone;Ordinateur portable;Tablette,Plus de 6 heures,Oui,4-5 heures,Ordinateur;Tablette,Instagram;Twitter/X;YouTube;LinkedIn,2 à 3 heures,Non,,,YouTube,2 à 3 heures,Santé mentale;Relations sociales,"Oui, sans succès",Non,Fréquemment (toutes les 30 minutes),Oui,Moyen,Mode “ne pas déranger”,Non,Oui
2025/04/09 10:08:25 AM GMT+2,20-29 ans,Féminin,NE,Élève/Étudiant,Smartphone;Ordinateur portable;Console de jeux;Télévision;Montre connectée,Plus de 6 heures,Oui,Plus de 5 heures,Ordinateur;Smartphone,"Messagerie (WhatsApp, Signal, etc.);TikTok;Instagram;YouTube",2 à 3 heures,Oui,Ordinateur,Moins d'une heure,Netflix;Amazon Prime Video;YouTube,3 à 4 heures,,"Oui, sans succès",Oui,Très fréquemment (toutes les 15 minutes),Oui,Bon,Limites de temps d'écran définies dans les paramètres des applications;Désactivation des notifications,Non,Je peux mieux faire
2025/04/10 07:09:34 AM GMT+2,20-29 ans,Masculin,NE,Sans emploi,Smartphone;Tablette;Console de jeux;Télévision,Plus de 6 heures,Oui,1-2 heures,Ordinateur,"Messagerie (WhatsApp, Signal, etc.);YouTube;Facebook",3 à 4 heures,Oui,Ordinateur;Smartphone,5-6 heures,Netflix;YouTube,2 à 3 heures,Sommeil,"Oui, sans succès",Non,Fréquemment (toutes les 30 minutes),Oui,Très mauvais,Aucune stratégie,Pas pour le moment,Oui
2025/03/31 07:18:26 AM GMT+2,30-39 ans,Féminin,FR,Employé,Smartphone;Ordinateur portable;Ordinateur de bureau;Liseuse;Télévision,3-4 heures,Oui,4-5 heures,Ordinateur,"Messagerie (WhatsApp, Signal, etc.);Instagram;Twitter/X;Facebook",1 à 2 heures,Oui,Ordinateur;Smartphone,1-2 heures,Amazon Prime Video,Moins de 1 heure,Aucun impact,"Non, jamais",Non,Occasionnellement (quelques fois par heure),Oui,Très mauvais,Aucune stratégie,Oui,Oui
2025/03/30 10:41:53 AM GMT+2,20-29 ans,Féminin,NE,Élève/Étudiant,Smartphone;Ordinateur portable;Liseuse;Console de jeux,Plus de 6 heures,Oui,3-4 heures,Ordinateur;Smartphone,"Messagerie (WhatsApp, Signal, etc.);YouTube",2 à 3 heures,Oui,Smartphone,5-6 heures,Twitch,2 à 3 heures,Santé mentale;Productivité;Motivation,"Oui, sans succès",Oui,Très fréquemment (toutes les 15 minutes),Oui,Moyen,Limites de temps d'écran définies dans les paramètres des applications,Oui,Oui
2025/04/12 02:26:51 PM GMT+2,20-29 ans,Masculin,NE,Élève/Étudiant,Smartphone;Tablette;Console de jeux,Plus de 6 heures,Non,,,"Messagerie (WhatsApp, Signal, etc.);Instagram",3 à 4 heures,Non,,,Amazon Prime Video;YouTube,3 à 4 heures,Santé mentale;Sommeil,"Oui, sans succès",Oui,Très fréquemment (toutes les 15 minutes),Oui,Moyen,Limites de temps d'écran définies dans les paramètres des applications,Pas pour le moment,Non
2025/04/01 08:12:14 PM GMT+2,15-19 ans,Féminin,GE,Élève/Étudiant,Smartphone;Ordinateur portable;Console de jeux;Télévision,Plus de 6 heures,Oui,1-2 heures,Ordinateur;Tablette;Smartphone,"Messagerie (WhatsApp, Signal, etc.);TikTok;Instagram;Twitter/X;YouTube;Facebook",Plus de 4 heures,Oui,Console de jeux;Smartphone,5-6 heures,YouTube,3 à 4 heures,,"Oui, sans succès",Non,Fréquemment (toutes les 30 minutes),Non,Très mauvais,Aucune stratégie,Pas pour le moment,Oui
2025/04/26 06:33:23 PM GMT+2,50-59 ans,Féminin,NE,Employé,Smartphone;Ordinateur portable;Télévision;Montre connectée,5-6 heures,Oui,3-4 heures,Ordinateur;Tablette;Smartphone,"Messagerie (WhatsApp, Signal, etc.);Twitter/X;YouTube;Facebook",30 minutes à 1 heure,Non,,,YouTube,1 à 2 heures,Sommeil,"Oui, sans succès",Oui,Fréquemment (toutes les 30 minutes),Non,Moyen,Aucune stratégie,Oui,Je peux mieux faire
2025/04/12 11:06:24 PM GMT+2,20-29 ans,Féminin,NE,Élève/Étudiant,Smartphone;Ordinateur de bureau;Console de jeux;Télévision,5-6 heures,Oui,1-2 heures,Tablette,TikTok;Twitter/X,3 à 4 heures,Oui,Smartphone,1-2 heures,YouTube,2 à 3 heures,Santé mentale;Productivité,"Non, jamais",Non,Fréquemment (toutes les 30 minutes),Non,Moyen,Aucune stratégie,Oui,Oui
2025/04/16 09:05:11 PM GMT+2,30-39 ans,Masculin,NE,Employé,Smartphone,Plus de 6 heures,Oui,3-4 heures,Ordinateur,"Messagerie (WhatsApp, Signal, etc.);YouTube;LinkedIn",3 à 4 heures,Non,,,Amazon Prime Video,1 à 2 heures,Sommeil;Relations sociales,"Oui, avec succès",Oui,Occasionnellement (quelques fois par heure),Oui,Très bon,Limites de temps d'écran définies dans les paramètres des applications;Désactivation des notifications;Applications de suivi du temps d'écran,Oui,Oui
2025/04/22 05:18:24 PM GMT+2,15-19 ans,Féminin,NE,Élève/Étudiant,Smartphone;Ordinateur de bureau;Tablette;Télévision,5-6 heures,Oui,3-4 heures,Smartphone,TikTok;Instagram;Snapchat;YouTube,2 à 3 heures,Oui,Console de jeux;Ordinateur;Smartphone,Moins d'une heure,YouTube;Twitch,1 à 2 heures,Santé mentale;Productivité,"Oui, sans succès",Non,Très fréquemment (toutes les 15 minutes),Oui,Moyen,Aucune stratégie,Pas pour le moment,Oui
2025/04/19 11:50:21 AM GMT+2,30-39 ans,Masculin,NE,Autre,Smartphone;Ordinateur portable;Console de jeux,Plus de 6 heures,Oui,4-5 heures,Ordinateur;Tablette,"Messagerie (WhatsApp, Signal, etc.);TikTok;Instagram;Twitter/X",1 à 2 heures,Non,,,YouTube,3 à 4 heures,Santé mentale;Relations sociales;Productivité,"Oui, sans succès",Non,Occasionnellement (quelques fois par heure),Oui,Moyen,Aucune stratégie,Oui,Oui
2025/03/29 04:48:46 AM GMT+2,20-29 ans,Masculin,NE,Sans emploi,Smartphone;Télévision,Plus de 6 heures,Oui,3-4 heures,Ordinateur,"Messagerie (WhatsApp, Signal, etc.);TikTok;Instagram;YouTube;Facebook",Plus de 4 heures,Oui,Smartphone,1-2 heures,Amazon Prime Video;YouTube,1 à 2 heures,Productivité,"Non, jamais",Non,Fréquemment (toutes les 30 minutes),Oui,Bon,Mode “ne pas déranger”,Oui,Oui
2025/04/26 02:42:29 AM GMT+2,20-29 ans,Masculin,NE,Sans emploi,Smartphone;Ordinateur de bureau;Liseuse,Plus de 6 heures,Non,,,"Messagerie (WhatsApp, Signal, etc.);TikTok;Instagram;Snapchat;Twitter/X;Facebook;LinkedIn",2 à 3 heures,Oui,Ordinateur;Smartphone,1-2 heures,Netflix;YouTube,3 à 4 heures,Relations sociales,"Oui, sans succès",Oui,Fréquemment (toutes les 30 minutes),Oui,Moyen,Limites de temps d'écran définies dans les paramètres des applications;Mode “ne pas déranger”;Applications de suivi du temps d'écran,Oui,Oui
2025/04/01 02:48:01 PM GMT+2,20-29 ans,Féminin,VD,Élève/Étudiant,Smartphone;Console de jeux;Montre connectée,5-6 heures,Oui,Plus de 5 heures,Tablette;Smartphone,"Messagerie (WhatsApp, Signal, etc.);YouTube",Plus de 4 heures,Non,,,Netflix,3 à 4 heures,Santé mentale;Relations sociales,"Oui, sans succès",Non,Très fréquemment (toutes les 15 minutes),Oui,Mauvais,Aucune stratégie,Oui,Oui
2025/04/28 01:12:25 PM GMT+2,40-49 ans,Masculin,VD,Sans emploi,Smartphone;Ordinateur portable;Liseuse;Console de jeux;Télévision,3-4 heures,Oui,4-5 heures,Ordinateur,"Messagerie (WhatsApp, Signal, etc.);TikTok;Facebook",Moins de 30 minutes,Non,,,Amazon Prime Video;YouTube,Moins de 1 heure,Productivité,"Oui, sans succès",Non,Fréquemment (toutes les 30 minutes),Non,Très bon,Aucune stratégie,Pas pour le moment,Oui
2025/04/04 03:55:25 AM GMT+2,20-29 ans,Féminin,VD,Employé,Smartphone;Ordinateur portable;Tablette;Télévision,3-4 heures,Oui,Plus de 5 heures,Ordinateur;Tablette;Smartphone,"Messagerie (WhatsApp, Signal, etc.);Snapchat;YouTube;LinkedIn",1 à 2 heures,Non,,,Netflix,1 à 2 heures,Santé mentale;Sommeil;Relations sociales,"Oui, avec succès",Oui,Très fréquemment (toutes les 15 minutes),Non,Très mauvais,Aucune stratégie,Pas pour le moment,Oui
2025/03/27 07:41:05 PM GMT+2,20-29 ans,Masculin,NE,Élève/Étudiant,Smartphone;Ordinateur portable;Console de jeux;Télévision,Plus de 6 heures,Oui,1-2 heures,Ordinateur;Tablette,"Messagerie (WhatsApp, Signal, etc.);Snapchat;Facebook",2 à 3 heures,Oui,Smartphone,3-4 heures,YouTube,3 à 4 heures,Relations sociales;Productivité,"Oui, sans succès",Oui,Fréquemment (toutes les 30 minutes),Oui,Mauvais,Aucune stratégie,Oui,Oui
2025/04/05 03:48:44 PM GMT+2,20-29 ans,Masculin,NE,Élève/Étudiant,Smartphone;Ordinateur portable;Console de jeux;Montre connectée,3-4 heures,Oui,3-4 heures,Ordinateur;Smartphone,"Messagerie (WhatsApp, Signal, etc.);Instagram;YouTube",2 à 3 heures,Oui,Ordinateur,3-4 heures,YouTube;Twitch,Moins de 1 heure,Aucun impact,"Oui, avec succès",Non,Fréquemment (toutes les 30 minutes),Oui,Moyen,Limites de temps d'écran définies dans les paramètres des applications,Non,Oui
2025/04/01 10:12:17 AM GMT+2,30-39 ans,Féminin,NE,Employé,Smartphone;Ordinateur portable;Console de jeux;Télévision,5-6 heures,Oui,4-5 heures,Ordinateur,"Messagerie (WhatsApp, Signal, etc.)",1 à 2 heures,Non,,,YouTube,1 à 2 heures,Santé mentale;Relations sociales;Productivité,"Non, jamais",Non,Très fréquemment (toutes les 15 minutes),Oui,Moyen,Modes de concentration/productivité sur les appareils,Oui,Oui
2025/04/23 04:00:12 AM GMT+2,30-39 ans,Masculin,NE,Employé,Smartphone;Console de jeux;Télévision;Montre connectée,Plus de 6 heures,Oui,4-5 heures,Ordinateur,TikTok;YouTube;Facebook,3 à 4 heures,Oui,Smartphone,Moins d'une heure,Amazon Prime Video;YouTube,2 à 3 heures,Sommeil;Productivité,"Non, jamais",Non,Fréquemment (toutes les 30 minutes),Oui,Bon,Aucune stratégie,Oui,Je peux mieux faire
2025/04/28 05:07:24 PM GMT+2,40-49 ans,Féminin,VS,Indépendant,Smartphone;Télévision,Plus de 6 heures,Non,,,Facebook,3 à 4 heures,Non,,,YouTube,3 à 4 heures,Santé mentale,"Oui, sans succès",Oui,Rarement,Oui,Moyen,Aucune stratégie,Pas pour le moment,Oui
2025/04/16 02:33:26 AM GMT+2,20-29 ans,Féminin,NE,Indépendant,Smartphone;Ordinateur portable;Tablette,Plus de 6 heures,Oui,1-2 heures,Ordinateur;Tablette,"Messagerie (WhatsApp, Signal, etc.);Instagram;YouTube",3 à 4 heures,Non,,,YouTube;Twitch,3 à 4 heures,Santé mentale;Sommeil;Motivation,"Oui, sans succès",Oui,Fréquemment (toutes les 30 minutes),Oui,Moyen,Limites de temps d'écran définies dans les paramètres des applications,Oui,Oui
2025/04/16 12:20:47 PM GMT+2,20-29 ans,Masculin,NE,Employé,Smartphone;Ordinateur portable;Ordinateur de bureau;Console de jeux,3-4 heures,Oui,3-4 heures,Ordinateur;Tablette,"Messagerie (WhatsApp, Signal, etc.);Snapchat;Facebook",2 à 3 heures,Oui,Ordinateur;Smartphone,1-2 heures,Netflix;YouTube,1 à 2 heures,Relations sociales,"Oui, sans succès",Oui,Fréquemment (toutes les 30 minutes),Oui,Moyen,Limites de temps d'écran définies dans les paramètres des applications,Oui,Oui
2025/03/29 01:39:50 AM GMT+2,60-70 ans,Féminin,NE,Retraité,Ordinateur portable;Ordinateur de bureau;Tablette;Télévision;Smartphone,1-2 heures,Non,,,"Messagerie (WhatsApp, Signal, etc.);YouTube;Facebook",Moins de 30 minutes,Non,,,YouTube,Moins de 1 heure,Sommeil,"Oui, sans succès",Non,Occasionnellement (quelques fois par heure),Non,Moyen,Aucune stratégie,Oui,Non
2025/04/14 10:49:33 PM GMT+2,20-29 ans,Masculin,JU,Élève/Étudiant,Smartphone;Ordinateur de bureau;Console de jeux;Télévision,5-6 heures,Oui,Moins de 1 heure,Smartphone,"Messagerie (WhatsApp, Signal, etc.);YouTube;LinkedIn",2 à 3 heures,Oui,Ordinateur,1-2 heures,Disney+;YouTube,2 à 3 heures,Relations sociales,"Oui, sans succès",Oui,Très fréquemment (toutes les 15 minutes),Oui,Moyen,Aucune stratégie,Oui,Oui
2025/04/28 07:01:11 AM GMT+2,40-49 ans,Féminin,NE,Employé,Smartphone;Console de jeux,3-4 heures,Oui,4-5 heures,Ordinateur;Smartphone,"Messagerie (WhatsApp, Signal, etc.);Instagram;Facebook;LinkedIn",1 à 2 heures,Non,,,YouTube,2 à 3 heures,Productivité,"Non, jamais",Non,Fréquemment (toutes les 30 minutes),Oui,Moyen,Modes de concentration/productivité sur les appareils;Désactivation des notifications,Oui,Oui
2025/04/04 07:05:28 PM GMT+2,30-39 ans,Féminin,NE,Employé,Smartphone;Montre connectée,1-2 heures,Oui,4-5 heures,Ordinateur;Tablette,"Messagerie (WhatsApp, Signal, etc.);Twitter/X;YouTube;LinkedIn",Moins de 30 minutes,Non,,,YouTube,Moins de 1 heure,Sommeil;Relations sociales;Productivité,"Oui, avec succès",Non,Occasionnellement (quelques fois par heure),Oui,Très bon,Aucune stratégie,Oui,Non
2025/04/09 08:22:43 AM GMT+2,20-29 ans,Féminin,NE,Élève/Étudiant,Smartphone;Ordinateur de bureau;Liseuse;Console de jeux;Montre connectée,5-6 heures,Oui,1-2 heures,Ordinateur,"Messagerie (WhatsApp, Signal, etc.);TikTok",2 à 3 heures,Oui,Console de jeux;Smartphone,1-2 heures,Netflix;YouTube,1 à 2 heures,Santé mentale;Sommeil;Productivité,"Oui, sans succès",Oui,Fréquemment (toutes les 30 minutes),Non,Moyen,Limites de temps d'écran définies dans les paramètres des applications;Applications de suivi du temps d'écran,Pas pour le moment,Oui
2025/04/04 01:59:27 PM GMT+2,15-19 ans,Féminin,NE,Élève/Étudiant,Smartphone;Ordinateur portable;Télévision,5-6 heures,Oui,1-2 heures,Ordinateur;Smartphone,"Messagerie (WhatsApp, Signal, etc.);YouTube",1 à 2 heures,Oui,Console de jeux;Ordinateur;Smartphone,Moins d'une heure,Netflix;Disney+;YouTube,2 à 3 heures,,"Oui, sans succès",Non,Très fréquemment (toutes les 15 minutes),Oui,Moyen,Modes de concentration/productivité sur les appareils,Oui,Oui
2025/04/01 07:42:19 AM GMT+2,40-49 ans,Féminin,NE,Employé,Smartphone;Ordinateur de bureau;Console de jeux,3-4 heures,Oui,4-5 heures,Ordinateur;Smartphone,"Messagerie (WhatsApp, Signal, etc.);Twitter/X;YouTube;Facebook",1 à 2 heures,Non,,,YouTube,1 à 2 heures,,"Non, jamais",Non,Occasionnellement (quelques fois par heure),Oui,Moyen,Aucune stratégie,Oui,Je peux mieux faire
2025/04/25 02:43:45 AM GMT+2,30-39 ans,Féminin,VS,Indépendant,Smartphone;Console de jeux;Télévision,Plus de 6 heures,Oui,3-4 heures,Smartphone,"Messagerie (WhatsApp, Signal, etc.);TikTok;Facebook",2 à 3 heures,Oui,Console de jeux;Smartphone,3-4 heures,Netflix;Twitch,Plus de 4 heures,Sommeil;Relations sociales;Productivité;Motivation,"Oui, sans succès",Non,Fréquemment (toutes les 30 minutes),Oui,Moyen,Aucune stratégie,Pas pour le moment,Oui
2025/04/11 11:39:24 AM GMT+2,30-39 ans,Masculin,NE,Indépendant,Smartphone;Ordinateur portable;Ordinateur de bureau,3-4 heures,Oui,1-2 heures,Ordinateur,"Messagerie (WhatsApp, Signal, etc.);YouTube;Facebook",2 à 3 heures,Oui,Ordinateur;Smartphone,Plus de 6 heures,Amazon Prime Video;YouTube,1 à 2 heures,Sommeil,"Oui, sans succès",Non,Occasionnellement (quelques fois par heure),Oui,Très bon,Aucune stratégie,Oui,Oui
2025/04/21 11:25:07 PM GMT+2,20-29 ans,Féminin,NE,Employé,Smartphone,5-6 heures,Oui,1-2 heures,Ordinateur;Smartphone,"Messagerie (WhatsApp, Signal, etc.);TikTok;Instagram;Snapchat;Twitter/X;YouTube",1 à 2 heures,Non,,,YouTube,1 à 2 heures,Santé mentale;Sommeil;Productivité,"Oui, sans succès",Oui,Occasionnellement (quelques fois par heure),Oui,Très mauvais,Aucune stratégie,Oui,Non
2025/03/27 06:24:45 PM GMT+2,20-29 ans,Féminin,NE,Élève/Étudiant,Smartphone;Tablette;Télévision,5-6 heures,Oui,3-4 heures,Ordinateur;Smartphone,"Messagerie (WhatsApp, Signal, etc.);TikTok;Instagram;Snapchat;YouTube",2 à 3 heures,Non,,,YouTube,2 à 3 heures,Productivité,"Oui, sans succès",Non,Très fréquemment (toutes les 15 minutes),Oui,Moyen,Aucune stratégie,Non,Je peux mieux faire
2025/04/15 09:06:42 AM GMT+2,20-29 ans,Féminin,NE,Élève/Étudiant,Smartphone;Ordinateur portable;Console de jeux;Montre connectée,5-6 heures,Oui,Moins de 1 heure,Ordinateur;Smartphone,"Messagerie (WhatsApp, Signal, etc.);TikTok;Instagram;Snapchat;Twitter/X;YouTube",3 à 4 heures,Oui,Console de jeux;Smartphone,5-6 heures,Amazon Prime Video;YouTube,1 à 2 heures,Productivité,"Non, jamais",Oui,Très fréquemment (toutes les 15 minutes),Oui,Mauvais,Aucune stratégie,Oui,Non
2025/04/15 10:43:30 AM GMT+2,20-29 ans,Masculin,VD,Élève/Étudiant,Smartphone;Tablette;Télévision;Montre connectée,5-6 heures,Oui,1-2 heures,Ordinateur,"Messagerie (WhatsApp, Signal, etc.);Instagram;YouTube;Facebook",1 à 2 heures,Oui,Console de jeux;Smartphone,Moins d'une heure,YouTube,2 à 3 heures,Santé mentale;Sommeil,"Non, jamais",Non,Fréquemment (toutes les 30 minutes),Non,Mauvais,Aucune stratégie,Pas pour le moment,Oui
2025/04/28 04:48:36 PM GMT+2,60-70 ans,Masculin,NE,Indépendant,Smartphone;Ordinateur de bureau;Télévision,Moins d'une heure,Oui,3-4 heures,Ordinateur;Smartphone,"Messagerie (WhatsApp, Signal, etc.);Facebook",Moins de 30 minutes,Non,,,Netflix;YouTube,1 à 2 heures,,"Oui, avec succès",Non,Très fréquemment (toutes les 15 minutes),Non,Très bon,Limites de temps d'écran définies dans les paramètres des applications,Pas pour le moment,Non
2025/04/17 11:05:49 PM GMT+2,60-70 ans,Féminin,NE,Retraité,Smartphone;Liseuse,Moins d'une heure,Non,,,"Messagerie (WhatsApp, Signal, etc.);Facebook;LinkedIn",Moins de 30 minutes,Non,,,Aucune,Moins de 1 heure,Aucun impact,"Oui, avec succès",Non,Occasionnellement (quelques fois par heure),Non,Bon,Modes de concentration/productivité sur les appareils;Mode “ne pas déranger”,Oui,Je peux mieux faire
2025/04/26 10:07:36 AM GMT+2,20-29 ans,Masculin,NE,Élève/Étudiant,Smartphone;Ordinateur portable;Tablette;Console de jeux;Télévision,Plus de 6 heures,Oui,1-2 heures,Smartphone,"Messagerie (WhatsApp, Signal, etc.);TikTok;Instagram;Twitter/X;YouTube;Facebook",3 à 4 heures,Oui,Smartphone,1-2 heures,Netflix;YouTube;Twitch,3 à 4 heures,Santé mentale;Sommeil;Relations sociales,"Oui, sans succès",Non,Très fréquemment (toutes les 15 minutes),Oui,Mauvais,Aucune stratégie,Oui,Oui
2025/04/10 10:32:52 PM GMT+2,20-29 ans,Féminin,NE,Employé,Smartphone;Console de jeux;Télévision,3-4 heures,Oui,4-5 heures,Ordinateur;Smartphone,"Messagerie (WhatsApp, Signal, etc.);TikTok;Snapchat;Twitter/X;YouTube;LinkedIn",1 à 2 heures,Non,,,YouTube,1 à 2 heures,Sommeil;Productivité,"Non, jamais",Oui,Occasionnellement (quelques fois par heure),Non,Bon,Limites de temps d'écran définies dans les paramètres des applications;Applications de suivi du temps d'écran,Oui,Je peux mieux faire
2025/03/30 05:20:19 AM GMT+2,15-19 ans,Féminin,NE,Élève/Étudiant,Smartphone;Ordinateur portable;Console de jeux,Plus de 6 heures,Oui,1-2 heures,Ordinateur,"Messagerie (WhatsApp, Signal, etc.);TikTok;Instagram;Snapchat;YouTube",1 à 2 heures,Non,,,Netflix;YouTube,1 à 2 heures,Sommeil;Productivité,"Non, jamais",Non,Fréquemment (toutes les 30 minutes),Oui,Moyen,Limites de temps d'écran définies dans les paramètres des applications;Désactivation des notifications,Non,Oui
2025/04/21 03:52:58 AM GMT+2,15-19 ans,Masculin,FR,Élève/Étudiant,Smartphone;Ordinateur portable;Télévision,Plus de 6 heures,Oui,4-5 heures,Ordinateur,"Messagerie (WhatsApp, Signal, etc.);TikTok;Snapchat;YouTube",Plus de 4 heures,Oui,Console de jeux;Ordinateur;Smartphone,1-2 heures,Disney+;YouTube;Twitch,Plus de 4 heures,Santé mentale;Relations sociales;Productivité;Motivation,"Oui, sans succès",Oui,Très fréquemment (toutes les 15 minutes),Oui,Très mauvais,Aucune stratégie,Non,Oui
2025/04/12 09:57:20 PM GMT+2,40-49 ans,Masculin,VS,Employé,Smartphone;Ordinateur portable;Tablette;Liseuse;Télévision;Montre connectée,1-2 heures,Oui,4-5 heures,Ordinateur,"Messagerie (WhatsApp, Signal, etc.);YouTube;Facebook",30 minutes à 1 heure,Non,,,YouTube,1 à 2 heures,,"Oui, sans succès",Non,Occasionnellement (quelques fois par heure),Non,Bon,Limites de temps d'écran définies dans les paramètres des applications,Pas pour le moment,Oui
2025/04/13 11:52:27 PM GMT+2,20-29 ans,Féminin,NE,Élève/Étudiant,Smartphone;Tablette;Télévision,5-6 heures,Oui,1-2 heures,Ordinateur;Tablette,"Messagerie (WhatsApp, Signal, etc.);TikTok;Instagram;Snapchat;Twitter/X;YouTube",2 à 3 heures,Oui,Console de jeux;Ordinateur;Smartphone,1-2 heures,YouTube,3 à 4 heures,Santé mentale;Sommeil;Motivation,"Oui, sans succès",Non,Très fréquemment (toutes les 15 minutes),Oui,Moyen,Aucune stratégie,Non,Oui
2025/04/24 01:02:17 AM GMT+2,20-29 ans,Féminin,NE,Élève/Étudiant,Smartphone;Liseuse;Console de jeux;Montre connectée,5-6 heures,Oui,Moins de 1 heure,Ordinateur,"Messagerie (WhatsApp, Signal, etc.);Instagram;Snapchat;Facebook;LinkedIn",1 à 2 heures,Oui,Ordinateur,3-4 heures,Netflix;Disney+;Twitch,1 à 2 heures,Relations sociales,"Oui, sans succès",Non,Rarement,Oui,Très mauvais,Aucune stratégie,Pas pour le moment,Oui
2025/04/18 03:42:29 PM GMT+2,15-19 ans,Masculin,NE,Élève/Étudiant,Smartphone;Ordinateur portable;Console de jeux,5-6 heures,Oui,Plus de 5 heures,Tablette,"Messagerie (WhatsApp, Signal, etc.);TikTok;Instagram;Snapchat;YouTube",3 à 4 heures,Oui,Console de jeux;Smartphone,1-2 heures,Amazon Prime Video;YouTube;Twitch,2 à 3 heures,Relations sociales,"Non, jamais",Non,Fréquemment (toutes les 30 minutes),Oui,Mauvais,Aucune stratégie,Oui,Je peux mieux faire
2025/04/28 05:44:36 PM GMT+2,20-29 ans,Masculin,NE,Élève/Étudiant,Smartphone;Ordinateur de bureau;Console de jeux;Télévision;Montre connectée,3-4 heures,Oui,3-4 heures,Ordinateur,"Messagerie (WhatsApp, Signal, etc.);TikTok;Instagram;Snapchat;Twitter/X;Facebook",1 à 2 heures,Oui,Smartphone,3-4 heures,Netflix;YouTube;Twitch,1 à 2 heures,,"Oui, sans succès",Non,Fréquemment (toutes les 30 minutes),Oui,Moyen,Aucune stratégie,Non,Je peux mieux faire
2025/04/18 12:23:59 AM GMT+2,20-29 ans,Féminin,NE,Employé,Smartphone;Ordinateur portable;Console de jeux;Montre connectée,5-6 heures,Oui,4-5 heures,Ordinateur;Smartphone,TikTok;Instagram;Snapchat;Facebook,2 à 3 heures,Non,,,Netflix;Amazon Prime Video;YouTube;Twitch,2 à 3 heures,Relations sociales,"Oui, sans succès",Non,Occasionnellement (quelques fois par heure),Oui,Moyen,Mode “ne pas déranger”,Pas pour le moment,Oui
2025/04/19 09:12:24 AM GMT+2,60-70 ans,Masculin,NE,Employé,Smartphone;Ordinateur de bureau;Liseuse;Télévision,3-4 heures,Oui,3-4 heures,Ordinateur;Tablette,"Messagerie (WhatsApp, Signal, etc.);Facebook",Moins de 30 minutes,Non,,,Aucune,1 à 2 heures,Sommeil,"Non, jamais",Non,Occasionnellement (quelques fois par heure),Non,Moyen,Aucune stratégie,Non,Je peux mieux faire
2025/04/19 03:33:19 PM GMT+2,20-29 ans,Féminin,NE,Élève/Étudiant,Smartphone;Ordinateur portable;Télévision,Plus de 6 heures,Oui,1-2 heures,Ordinateur,"Messagerie (WhatsApp, Signal, etc.);TikTok;Instagram;YouTube",3 à 4 heures,Non,,,YouTube,Plus de 4 heures,Santé mentale;Sommeil;Relations sociales,"Oui, sans succès",Non,Fréquemment (toutes les 30 minutes),Oui,Très bon,Modes de concentration/productivité sur les appareils;Mode “ne pas déranger”,Oui,Oui
2025/04/03 11:54:12 AM GMT+2,15-19 ans,Féminin,NE,Élève/Étudiant,Smartphone;Ordinateur portable;Console de jeux;Télévision,3-4 heures,Oui,3-4 heures,Ordinateur,"Messagerie (WhatsApp, Signal, etc.);Instagram;Snapchat;YouTube",2 à 3 heures,Oui,Console de jeux;Smartphone,Moins d'une heure,Netflix;YouTube;Twitch,1 à 2 heures,Productivité,"Non, jamais",Non,Fréquemment (toutes les 30 minutes),Oui,Moyen,Aucune stratégie,Non,Je peux mieux faire
2025/04/05 01:45:04 AM GMT+2,40-49 ans,Féminin,JU,Employé,Smartphone;Ordinateur portable;Tablette,3-4 heures,Oui,3-4 heures,Ordinateur,"Messagerie (WhatsApp, Signal, etc.);Instagram;YouTube",2 à 3 heures,Non,,,YouTube,2 à 3 heures,Relations sociales;Productivité,"Oui, sans succès",Non,Occasionnellement (quelques fois par heure),Oui,Moyen,Aucune stratégie,Non,Je peux mieux faire
2025/04/12 03:52:56 AM GMT+2,20-29 ans,Féminin,NE,Employé,Smartphone;Console de jeux,3-4 heures,Oui,1-2 heures,Ordinateur,"Messagerie (WhatsApp, Signal, etc.);Instagram",1 à 2 heures,Non,,,YouTube,1 à 2 heures,Santé mentale;Sommeil;Relations sociales,"Non, jamais",Non,Fréquemment (toutes les 30 minutes),Non,Moyen,Modes de concentration/productivité sur les appareils;Mode “ne pas déranger”;Désactivation des notifications,Oui,Je peux mieux faire
2025/04/22 02:14:07 AM GMT+2,20-29 ans,Féminin,NE,Élève/Étudiant,Smartphone;Ordinateur portable,5-6 heures,Oui,1-2 heures,Smartphone,"Messagerie (WhatsApp, Signal, etc.);Instagram",2 à 3 heures,Oui,Smartphone,1-2 heures,Netflix;YouTube,1 à 2 heures,Sommeil;Productivité,"Non, jamais",Non,Fréquemment (toutes les 30 minutes),Oui,Moyen,Aucune stratégie,Oui,Je peux mieux faire
2025/04/23 04:39:29 PM GMT+2,15-19 ans,Féminin,NE,Élève/Étudiant,Smartphone;Ordinateur portable;Ordinateur de bureau;Console de jeux;Télévision,Plus de 6 heures,Oui,1-2 heures,Ordinateur;Smartphone,"Messagerie (WhatsApp, Signal, etc.);TikTok;Snapchat;YouTube",Plus de 4 heures,Non,,,Netflix;Disney+;YouTube,1 à 2 heures,Sommeil,"Oui, sans succès",Non,Très fréquemment (toutes les 15 minutes),Oui,Moyen,Modes de concentration/productivité sur les appareils;Limites de temps d'écran définies dans les paramètres des applications,Non,Je peux mieux faire
2025/03/30 10:14:07 AM GMT+2,40-49 ans,Féminin,NE,Employé,Smartphone;Liseuse;Télévision,1-2 heures,Oui,4-5 heures,Ordinateur,"Messagerie (WhatsApp, Signal, etc.);Twitter/X;YouTube",30 minutes à 1 heure,Oui,Console de jeux;Ordinateur;Smartphone;Tablette,3-4 heures,Netflix,1 à 2 heures,Sommeil,"Non, jamais",Non,Très fréquemment (toutes les 15 minutes),Oui,Très bon,Applications de suivi du temps d'écran,Non,Non
2025/04/18 05:56:54 AM GMT+2,20-29 ans,Masculin,NE,Employé,Smartphone;Console de jeux,3-4 heures,Oui,3-4 heures,Ordinateur,"Messagerie (WhatsApp, Signal, etc.);TikTok;Snapchat;YouTube",2 à 3 heures,Oui,Smartphone,Plus de 6 heures,Netflix;YouTube;Twitch,2 à 3 heures,Santé mentale,"Non, jamais",Oui,Très fréquemment (toutes les 15 minutes),Oui,Bon,Limites de temps d'écran définies dans les paramètres des applications;Désactivation des notifications;Applications de suivi du temps d'écran,Non,Oui
2025/04/12 12:12:26 PM GMT+2,15-19 ans,Féminin,NE,Élève/Étudiant,Smartphone;Ordinateur de bureau,5-6 heures,Oui,3-4 heures,Ordinateur;Smartphone,"Messagerie (WhatsApp, Signal, etc.);TikTok;Instagram;Snapchat;YouTube",3 à 4 heures,Oui,Console de jeux;Smartphone,Moins d'une heure,YouTube;Twitch,1 à 2 heures,Santé mentale;Sommeil,"Oui, sans succès",Oui,Fréquemment (toutes les 30 minutes),Oui,Moyen,Limites de temps d'écran définies dans les paramètres des applications;Désactivation des notifications;Applications de suivi du temps d'écran,Oui,Oui
2025/03/27 12:04:03 AM GMT+2,40-49 ans,Féminin,NE,Employé,Smartphone;Télévision;Montre connectée,5-6 heures,Oui,Moins de 1 heure,Ordinateur,"Messagerie (WhatsApp, Signal, etc.);YouTube",2 à 3 heures,Oui,Smartphone,1-2 heures,YouTube,1 à 2 heures,Sommeil;Productivité,"Oui, sans succès",Non,Très fréquemment (toutes les 15 minutes),Oui,Très bon,Mode “ne pas déranger”,Oui,Je peux mieux faire
2025/04/23 01:19:38 AM GMT+2,30-39 ans,Masculin,NE,Employé,Smartphone;Ordinateur de bureau;Liseuse;Console de jeux,Plus de 6 heures,Oui,Plus de 5 heures,Ordinateur;Tablette,"Messagerie (WhatsApp, Signal, etc.);Instagram",2 à 3 heures,Non,,,Netflix;YouTube,Plus de 4 heures,Santé mentale;Sommeil;Productivité,"Oui, sans succès",Oui,Occasionnellement (quelques fois par heure),Non,Moyen,Aucune stratégie,Oui,Oui
2025/04/10 03:23:27 AM GMT+2,20-29 ans,Masculin,VD,Indépendant,Smartphone;Ordinateur de bureau;Tablette,Plus de 6 heures,Oui,3-4 heures,Ordinateur,"Messagerie (WhatsApp, Signal, etc.);Instagram;LinkedIn",3 à 4 heures,Oui,Smartphone;Tablette,1-2 heures,Netflix,3 à 4 heures,Relations sociales,"Oui, sans succès",Non,Très fréquemment (toutes les 15 minutes),Oui,Moyen,Limites de temps d'écran définies dans les paramètres des applications;Mode “ne pas déranger”,Pas pour le moment,Oui
2025/04/10 08:16:24 AM GMT+2,20-29 ans,Masculin,FR,Élève/Étudiant,Smartphone,3-4 heures,Oui,Moins de 1 heure,Ordinateur;Smartphone,"Messagerie (WhatsApp, Signal, etc.);YouTube",2 à 3 heures,Oui,Console de jeux;Ordinateur;Smartphone,Moins d'une heure,YouTube,2 à 3 heures,,"Oui, avec succès",Non,Occasionnellement (quelques fois par heure),Oui,Bon,Aucune stratégie,Pas pour le moment,Oui
2025/04/05 11:43:18 PM GMT+2,15-19 ans,Masculin,NE,Élève/Étudiant,Smartphone;Ordinateur de bureau;Console de jeux;Télévision,5-6 heures,Oui,1-2 heures,Ordinateur,TikTok;Snapchat,3 à 4 heures,Oui,Console de jeux;Smartphone,1-2 heures,Netflix;YouTube;Twitch,3 à 4 heures,Santé mentale,"Oui, sans succès",Oui,Très fréquemment (toutes les 15 minutes),Oui,Mauvais,Aucune stratégie,Oui,Oui
2025/03/28 03:23:39 AM GMT+2,20-29 ans,Féminin,NE,Employé,Smartphone;Ordinateur portable;Console de jeux;Télévision,Plus de 6 heures,Oui,3-4 heures,Ordinateur;Smartphone,"Messagerie (WhatsApp, Signal, etc.);Twitter/X;YouTube",3 à 4 heures,Non,,,Netflix;YouTube,2 à 3 heures,Santé mentale;Sommeil;Relations sociales,"Oui, sans succès",Non,Fréquemment (toutes les 30 minutes),Oui,Moyen,Limites de temps d'écran définies dans les paramètres des applications,Oui,Oui
2025/04/26 11:41:10 PM GMT+2,20-29 ans,Masculin,NE,Employé,Smartphone;Ordinateur de bureau;Télévision,3-4 heures,Oui,3-4 heures,Ordinateur,"Messagerie (WhatsApp, Signal, etc.);TikTok;Instagram;Snapchat;Facebook;LinkedIn",1 à 2 heures,Oui,Ordinateur,1-2 heures,YouTube;Twitch,2 à 3 heures,,"Oui, sans succès",Oui,Très fréquemment (toutes les 15 minutes),Oui,Moyen,Aucune stratégie,Non,Oui
2025/04/28 12:24:09 AM GMT+2,10-14 ans,Féminin,VD,Élève/Étudiant,Smartphone;Console de jeux,3-4 heures,Oui,1-2 heures,Ordinateur,"Messagerie (WhatsApp, Signal, etc.);TikTok;Instagram;YouTube",1 à 2 heures,Oui,Smartphone,Plus de 6 heures,Netflix;YouTube,2 à 3 heures,Sommeil,"Non, jamais",Non,Très fréquemment (toutes les 15 minutes),Oui,Très bon,Aucune stratégie,Oui,Oui
2025/04/04 02:27:43 PM GMT+2,60-70 ans,Féminin,NE,Retraité,Smartphone;Ordinateur portable;Liseuse;Télévision,5-6 heures,Oui,1-2 heures,Ordinateur,"Messagerie (WhatsApp, Signal, etc.);Twitter/X;Facebook",30 minutes à 1 heure,Non,,,Netflix,2 à 3 heures,Sommeil;Productivité,"Oui, sans succès",Non,Occasionnellement (quelques fois par heure),Non,Très bon,Aucune stratégie,Pas pour le moment,Je peux mieux faire
2025/04/06 06:22:55 AM GMT+2,20-29 ans,Féminin,NE,Élève/Étudiant,Smartphone;Ordinateur portable;Télévision,5-6 heures,Oui,1-2 heures,Ordinateur,"Messagerie (WhatsApp, Signal, etc.);TikTok;Instagram;YouTube;Facebook",2 à 3 heures,Oui,Smartphone,5-6 heures,YouTube,3 à 4 heures,Sommeil;Productivité,"Non, jamais",Non,Très fréquemment (toutes les 15 minutes),Non,Très mauvais,Aucune stratégie,Non,Oui
2025/04/16 03:14:31 AM GMT+2,20-29 ans,Masculin,NE,Élève/Étudiant,Smartphone;Ordinateur portable,3-4 heures,Oui,Moins de 1 heure,Ordinateur,Instagram;YouTube;LinkedIn,1 à 2 heures,Oui,Console de jeux;Smartphone;Tablette,Plus de 6 heures,YouTube,1 à 2 heures,Santé mentale,"Oui, sans succès",Non,Très fréquemment (toutes les 15 minutes),Oui,Très bon,Aucune stratégie,Non,Oui
2025/04/22 08:27:15 AM GMT+2,30-39 ans,Féminin,NE,Indépendant,Smartphone;Console de jeux;Télévision;Montre connectée,5-6 heures,Oui,3-4 heures,Ordinateur,"Messagerie (WhatsApp, Signal, etc.);YouTube;Facebook;LinkedIn",1 à 2 heures,Non,,,Netflix,1 à 2 heures,Santé mentale;Motivation,"Oui, sans succès",Oui,Occasionnellement (quelques fois par heure),Non,Très mauvais,Aucune stratégie,Oui,Oui
2025/04/10 07:37:09 AM GMT+2,30-39 ans,Féminin,NE,Employé,Smartphone;Ordinateur portable;Ordinateur de bureau;Télévision,5-6 heures,Oui,1-2 heures,Ordinateur,TikTok,1 à 2 heures,Non,,,Netflix;YouTube,1 à 2 heures,Relations sociales,"Oui, sans succès",Oui,Fréquemment (toutes les 30 minutes),Non,Moyen,Limites de temps d'écran définies dans les paramètres des applications,Oui,Oui
2025/04/23 02:19:48 AM GMT+2,20-29 ans,Féminin,NE,Élève/Étudiant,Smartphone;Tablette;Liseuse;Télévision,5-6 heures,Oui,Moins de 1 heure,Ordinateur,"Messagerie (WhatsApp, Signal, etc.);TikTok;YouTube",2 à 3 heures,Oui,Console de jeux;Ordinateur;Smartphone,1-2 heures,Amazon Prime Video;YouTube,3 à 4 heures,Sommeil,"Non, jamais",Oui,Très fréquemment (toutes les 15 minutes),Oui,Moyen,Aucune stratégie,Oui,Je peux mieux faire
2025/04/24 05:30:53 PM GMT+2,15-19 ans,Féminin,NE,Autre,Smartphone;Liseuse;Console de jeux;Montre connectée,Plus de 6 heures,Oui,Plus de 5 heures,Ordinateur;Tablette,"Messagerie (WhatsApp, Signal, etc.);TikTok;YouTube",1 à 2 heures,Non,,,Netflix;YouTube;Twitch,2 à 3 heures,Productivité,"Oui, sans succès",Non,Très fréquemment (toutes les 15 minutes),Oui,Très mauvais,Aucune stratégie,Oui,Oui
2025/04/04 12:12:28 PM GMT+2,20-29 ans,Féminin,NE,Élève/Étudiant,Smartphone;Ordinateur portable;Ordinateur de bureau;Console de jeux;Télévision,5-6 heures,Oui,Moins de 1 heure,Ordinateur;Smartphone,"Messagerie (WhatsApp, Signal, etc.);TikTok;Instagram;Snapchat;YouTube;LinkedIn",Plus de 4 heures,Oui,Smartphone;Tablette,Moins d'une heure,Netflix,Moins de 1 heure,,"Oui, avec succès",Non,Très fréquemment (toutes les 15 minutes),Oui,Mauvais,Aucune stratégie,Oui,Oui
2025/04/02 03:20:24 AM GMT+2,40-49 ans,Féminin,NE,Employé,Smartphone;Ordinateur de bureau;Tablette;Console de jeux;Télévision,Plus de 6 heures,Oui,1-2 heures,Ordinateur;Smartphone,"Messagerie (WhatsApp, Signal, etc.);Twitter/X;YouTube;Facebook;LinkedIn",2 à 3 heures,Non,,,YouTube,3 à 4 heures,Relations sociales,"Oui, sans succès",Oui,Occasionnellement (quelques fois par heure),Non,Moyen,Limites de temps d'écran définies dans les paramètres des applications;Désactivation des notifications;Applications de suivi du temps d'écran,Oui,Oui
2025/04/17 05:25:02 AM GMT+2,15-19 ans,Féminin,VD,Élève/Étudiant,Smartphone;Ordinateur portable;Console de jeux;Télévision,5-6 heures,Oui,1-2 heures,Ordinateur;Tablette;Smartphone,"Messagerie (WhatsApp, Signal, etc.);TikTok;Instagram;Snapchat;YouTube",Plus de 4 heures,Oui,Console de jeux;Tablette,3-4 heures,Netflix;YouTube,3 à 4 heures,Sommeil;Relations sociales,"Oui, sans succès",Non,Très fréquemment (toutes les 15 minutes),Oui,Très mauvais,Aucune stratégie,Pas pour le moment,Oui
2025/04/18 11:49:41 AM GMT+2,10-14 ans,Masculin,NE,Élève/Étudiant,Smartphone;Ordinateur portable;Tablette;Console de jeux;Télévision,5-6 heures,Oui,4-5 heures,Smartphone,"Messagerie (WhatsApp, Signal, etc.);Instagram;YouTube",3 à 4 heures,Oui,Console de jeux;Ordinateur;Smartphone;Tablette,3-4 heures,Netflix;Disney+;YouTube,2 à 3 heures,,"Oui, sans succès",Non,Fréquemment (toutes les 30 minutes),Oui,Très bon,Aucune stratégie,Oui,Oui
2025/04/25 10:15:26 AM GMT+2,40-49 ans,Féminin,NE,Employé,Smartphone;Ordinateur de bureau;Tablette;Liseuse;Télévision,Plus de 6 heures,Oui,3-4 heures,Ordinateur;Tablette,"Messagerie (WhatsApp, Signal, etc.);Twitter/X;YouTube;LinkedIn",2 à 3 heures,Non,,,Amazon Prime Video;YouTube,3 à 4 heures,Santé mentale;Sommeil,"Oui, sans succès",Oui,Fréquemment (toutes les 30 minutes),Non,Moyen,Limites de temps d'écran définies dans les paramètres des applications;Applications de suivi du temps d'écran,Oui,Oui
2025/04/03 02:37:18 AM GMT+2,15-19 ans,Féminin,NE,Élève/Étudiant,Smartphone;Ordinateur de bureau,5-6 heures,Oui,3-4 heures,Ordinateur,"Messagerie (WhatsApp, Signal, etc.);TikTok;Instagram;YouTube",2 à 3 heures,Oui,Console de jeux;Smartphone,3-4 heures,Netflix;YouTube,3 à 4 heures,Sommeil;Relations sociales;Productivité,"Non, jamais",Oui,Très fréquemment (toutes les 15 minutes),Oui,Moyen,Applications de suivi du temps d'écran,Non,Oui
2025/04/06 12:03:43 PM GMT+2,30-39 ans,Masculin,VD,Indépendant,Smartphone;Ordinateur de bureau;Tablette;Liseuse,Plus de 6 heures,Oui,1-2 heures,Smartphone,"Messagerie (WhatsApp, Signal, etc.);Twitter/X;YouTube",1 à 2 heures,Oui,Console de jeux;Ordinateur;Smartphone,1-2 heures,YouTube,2 à 3 heures,Sommeil,"Oui, sans succès",Non,Occasionnellement (quelques fois par heure),Oui,Mauvais,Aucune stratégie,Pas pour le moment,Oui
2025/04/08 07:23:41 PM GMT+2,20-29 ans,Masculin,NE,Élève/Étudiant,Smartphone;Console de jeux;Télévision;Montre connectée,3-4 heures,Oui,Moins de 1 heure,Ordinateur,"Messagerie (WhatsApp, Signal, etc.);TikTok;Instagram;YouTube",3 à 4 heures,Oui,Ordinateur;Smartphone,1-2 heures,Netflix,1 à 2 heures,Relations sociales,"Oui, avec succès",Oui,Très fréquemment (toutes les 15 minutes),Oui,Moyen,Limites de temps d'écran définies dans les paramètres des applications;Applications de suivi du temps d'écran,Pas pour le moment,Oui
2025/03/28 02:08:11 PM GMT+2,20-29 ans,Féminin,VD,Élève/Étudiant,Smartphone;Ordinateur portable;Ordinateur de bureau;Console de jeux,3-4 heures,Oui,3-4 heures,Ordinateur;Smartphone,"Messagerie (WhatsApp, Signal, etc.);Instagram;Snapchat;LinkedIn",2 à 3 heures,Oui,Smartphone,Moins d'une heure,Netflix;YouTube,1 à 2 heures,Santé mentale,"Non, jamais",Oui,Très fréquemment (toutes les 15 minutes),Oui,Mauvais,Aucune stratégie,Non,Oui
2025/04/11 04:38:08 AM GMT+2,40-49 ans,Féminin,VD,Employé,Smartphone;Ordinateur portable;Ordinateur de bureau;Liseuse;Télévision;Montre connectée,3-4 heures,Oui,1-2 heures,Ordinateur,"Messagerie (WhatsApp, Signal, etc.);Instagram;YouTube",Moins de 30 minutes,Non,,,Amazon Prime Video;YouTube,1 à 2 heures,Santé mentale;Relations sociales,"Non, jamais",Oui,Occasionnellement (quelques fois par heure),Oui,Moyen,Limites de temps d'écran définies dans les paramètres des applications;Zones/moments sans écran dans la journée,Non,Oui
2025/04/21 10:38:39 PM GMT+2,15-19 ans,Masculin,NE,Élève/Étudiant,Smartphone;Console de jeux,5-6 heures,Oui,3-4 heures,Ordinateur,"Messagerie (WhatsApp, Signal, etc.);Instagram;YouTube",2 à 3 heures,Oui,Console de jeux;Smartphone;Tablette,Moins d'une heure,YouTube,2 à 3 heures,,"Oui, sans succès",Non,Très fréquemment (toutes les 15 minutes),Oui,Moyen,Modes de concentration/productivité sur les appareils;Limites de temps d'écran définies dans les paramètres des applications,Oui,Oui
2025/04/11 10:22:32 PM GMT+2,20-29 ans,Féminin,FR,Autre,Smartphone;Ordinateur de bureau;Console de jeux,3-4 heures,Oui,1-2 heures,Ordinateur,"Messagerie (WhatsApp, Signal, etc.);Twitter/X;YouTube",1 à 2 heures,Oui,Ordinateur,Moins d'une heure,Amazon Prime Video;YouTube,1 à 2 heures,,"Oui, sans succès",Non,Très fréquemment (toutes les 15 minutes),Oui,Très mauvais,Aucune stratégie,Non,Oui
2025/04/20 06:21:56 PM GMT+2,30-39 ans,Masculin,NE,Employé,Smartphone;Ordinateur portable;Ordinateur de bureau,Plus de 6 heures,Oui,Plus de 5 heures,Ordinateur,"Messagerie (WhatsApp, Signal, etc.);Instagram;Twitter/X",2 à 3 heures,Oui,Console de jeux;Smartphone,3-4 heures,YouTube,3 à 4 heures,Relations sociales;Productivité;Motivation,"Oui, sans succès",Non,Fréquemment (toutes les 30 minutes),Oui,Bon,Aucune stratégie,Non,Non
2025/04/20 02:48:25 PM GMT+2,30-39 ans,Féminin,JU,Employé,Smartphone,5-6 heures,Oui,3-4 heures,Ordinateur,"Messagerie (WhatsApp, Signal, etc.);TikTok;Instagram;Facebook;LinkedIn",Plus de 4 heures,Oui,Ordinateur;Smartphone,Moins d'une heure,YouTube,2 à 3 heures,Santé mentale,"Oui, sans succès",Oui,Fréquemment (toutes les 30 minutes),Oui,Moyen,Limites de temps d'écran définies dans les paramètres des applications;Applications de suivi du temps d'écran,Oui,Oui
2025/03/31 11:06:00 PM GMT+2,60-70 ans,Masculin,NE,Retraité,Smartphone;Ordinateur portable;Télévision,Moins d'une heure,Non,,,YouTube;Facebook,Moins de 30 minutes,Non,,,Amazon Prime Video,Moins de 1 heure,Santé mentale;Sommeil;Relations sociales,"Oui, avec succès",Non,Jamais,Non,Très bon,Modes de concentration/productivité sur les appareils;Limites de temps d'écran définies dans les paramètres des applications,Non,Non
2025/03/28 06:29:15 PM GMT+2,60-70 ans,Féminin,NE,Retraité,Smartphone;Ordinateur portable,1-2 heures,Non,,,"Messagerie (WhatsApp, Signal, etc.);YouTube;Facebook",Moins de 30 minutes,Non,,,YouTube,Moins de 1 heure,Productivité,"Non, jamais",Non,Fréquemment (toutes les 30 minutes),Oui,Moyen,Désactivation des notifications,Non,Je peux mieux faire
2025/04/17 09:01:48 PM GMT+2,50-59 ans,Féminin,NE,Employé,Smartphone;Ordinateur portable;Télévision,1-2 heures,Oui,1-2 heures,Tablette,"Messagerie (WhatsApp, Signal, etc.);Twitter/X;YouTube;Facebook",30 minutes à 1 heure,Non,,,Aucune,Moins de 1 heure,Sommeil,"Oui, sans succès",Non,Rarement,Oui,Bon,Aucune stratégie,Non,Oui
2025/03/29 02:24:36 AM GMT+2,20-29 ans,Masculin,NE,Élève/Étudiant,Smartphone,Plus de 6 heures,Oui,1-2 heures,Tablette;Smartphone,"Messagerie (WhatsApp, Signal, etc.);TikTok;Instagram;Snapchat;Twitter/X;LinkedIn",3 à 4 heures,Oui,Console de jeux;Smartphone;Tablette,3-4 heures,Disney+;YouTube;Twitch,2 à 3 heures,Relations sociales;Productivité,"Oui, sans succès",Oui,Très fréquemment (toutes les 15 minutes),Oui,Très bon,Limites de temps d'écran définies dans les paramètres des applications,Oui,Non
2025/04/09 11:27:22 AM GMT+2,15-19 ans,Masculin,VS,Élève/Étudiant,Smartphone,Plus de 6 heures,Non,,,"Messagerie (WhatsApp, Signal, etc.);TikTok;Instagram;YouTube",2 à 3 heures,Oui,Console de jeux;Tablette,3-4 heures,Netflix;Amazon Prime Video;YouTube,1 à 2 heures,Santé mentale;Sommeil;Productivité;Motivation,"Oui, sans succès",Oui,Très fréquemment (toutes les 15 minutes),Oui,Moyen,Désactivation des notifications,Pas pour le moment,Oui
2025/04/22 05:36:37 AM GMT+2,40-49 ans,Féminin,VD,Employé,Smartphone;Ordinateur portable;Tablette;Télévision,Plus de 6 heures,Non,,,"Messagerie (WhatsApp, Signal, etc.);Twitter/X;YouTube;Facebook",2 à 3 heures,Non,,,Netflix,Plus de 4 heures,Relations sociales,"Oui, sans succès",Non,Jamais,Non,Moyen,Aucune stratégie,Non,Oui
2025/03/30 03:27:05 PM GMT+2,40-49 ans,Masculin,VD,Employé,Smartphone;Ordinateur portable;Liseuse;Télévision;Montre connectée,5-6 heures,Oui,1-2 heures,Ordinateur;Smartphone,"Messagerie (WhatsApp, Signal, etc.)",2 à 3 heures,Non,,,Netflix,1 à 2 heures,Sommeil;Motivation,"Oui, sans succès",Oui,Fréquemment (toutes les 30 minutes),Oui,Bon,Limites de temps d'écran définies dans les paramètres des applications;Applications de suivi du temps d'écran,Non,Je peux mieux faire
2025/04/16 04:43:40 PM GMT+2,50-59 ans,Masculin,NE,Employé,Smartphone;Ordinateur portable;Tablette,3-4 heures,Oui,3-4 heures,Ordinateur;Tablette,"Messagerie (WhatsApp, Signal, etc.);YouTube;Facebook",30 minutes à 1 heure,Non,,,YouTube,1 à 2 heures,,"Oui, sans succès",Non,Occasionnellement (quelques fois par heure),Oui,Moyen,Désactivation des notifications,Non,Non
2025/04/14 05:12:29 PM GMT+2,15-19 ans,Masculin,NE,Élève/Étudiant,Smartphone;Console de jeux;Télévision,Plus de 6 heures,Oui,1-2 heures,Ordinateur;Smartphone,"Messagerie (WhatsApp, Signal, etc.);TikTok;Instagram;Snapchat;LinkedIn",2 à 3 heures,Oui,Ordinateur;Smartphone,1-2 heures,Disney+;Twitch,Plus de 4 heures,Sommeil;Productivité,"Oui, sans succès",Oui,Très fréquemment (toutes les 15 minutes),Oui,Très bon,Aucune stratégie,Oui,Oui
2025/03/29 12:47:39 PM GMT+2,60-70 ans,Masculin,GE,Retraité,Smartphone;Ordinateur portable;Tablette,Moins d'une heure,Oui,1-2 heures,Ordinateur,"Messagerie (WhatsApp, Signal, etc.);Facebook",Moins de 30 minutes,Non,,,Amazon Prime Video,Moins de 1 heure,,"Oui, avec succès",Non,Jamais,Non,Bon,Aucune stratégie,Non,Oui
2025/04/26 12:13:53 PM GMT+2,15-19 ans,Masculin,NE,Élève/Étudiant,Smartphone;Ordinateur de bureau;Console de jeux;Télévision,Plus de 6 heures,Oui,1-2 heures,Ordinateur;Smartphone,TikTok;Instagram;Snapchat;YouTube,1 à 2 heures,Oui,Console de jeux;Smartphone,1-2 heures,Amazon Prime Video;Disney+;YouTube,3 à 4 heures,Santé mentale,"Oui, sans succès",Non,Occasionnellement (quelques fois par heure),Oui,Bon,Aucune stratégie,Oui,Non
2025/04/17 01:58:33 PM GMT+2,15-19 ans,Masculin,NE,Élève/Étudiant,Smartphone;Ordinateur portable;Ordinateur de bureau;Liseuse;Console de jeux;Télévision,Plus de 6 heures,Oui,3-4 heures,Smartphone,"Messagerie (WhatsApp, Signal, etc.);TikTok;Instagram;Snapchat;YouTube",2 à 3 heures,Oui,Console de jeux;Smartphone,1-2 heures,YouTube;Twitch,2 à 3 heures,Santé mentale,"Oui, sans succès",Oui,Très fréquemment (toutes les 15 minutes),Oui,Moyen,Aucune stratégie,Oui,Oui
2025/04/22 08:00:14 PM GMT+2,50-59 ans,Masculin,BE,Indépendant,Smartphone;Ordinateur portable;Ordinateur de bureau;Télévision,1-2 heures,Oui,1-2 heures,Ordinateur;Tablette,Facebook,Moins de 30 minutes,Non,,,YouTube,1 à 2 heures,Aucun impact,"Oui, sans succès",Non,Fréquemment (toutes les 30 minutes),Non,Bon,Aucune stratégie,Non,Oui
2025/04/16 10:24:00 AM GMT+2,40-49 ans,Masculin,NE,Employé,Smartphone;Ordinateur portable;Montre connectée,5-6 heures,Oui,3-4 heures,Ordinateur,"Messagerie (WhatsApp, Signal, etc.);Twitter/X;YouTube;Facebook",1 à 2 heures,Oui,Smartphone;Tablette,3-4 heures,Amazon Prime Video,2 à 3 heures,Santé mentale,"Oui, avec succès",Non,Occasionnellement (quelques fois par heure),Oui,Moyen,Aucune stratégie,Pas pour le moment,Oui
2025/04/17 04:36:07 AM GMT+2,30-39 ans,Masculin,GE,Employé,Smartphone;Tablette;Télévision,3-4 heures,Oui,4-5 heures,Ordinateur;Tablette,"Messagerie (WhatsApp, Signal, etc.);TikTok;Facebook;LinkedIn",2 à 3 heures,Oui,Console de jeux;Tablette,3-4 heures,YouTube,2 à 3 heures,,"Oui, sans succès",Non,Fréquemment (toutes les 30 minutes),Oui,Bon,Aucune stratégie,Non,Je peux mieux faire
2025/04/11 12:08:15 AM GMT+2,60-70 ans,Féminin,NE,Indépendant,Smartphone;Ordinateur portable,3-4 heures,Oui,4-5 heures,Tablette;Smartphone,"Messagerie (WhatsApp, Signal, etc.);YouTube",Moins de 30 minutes,Non,,,YouTube,1 à 2 heures,,"Oui, sans succès",Non,Rarement,Non,Moyen,Limites de temps d'écran définies dans les paramètres des applications,Non,Non
2025/04/25 10:21:11 PM GMT+2,15-19 ans,Féminin,NE,Élève/Étudiant,Smartphone;Console de jeux;Télévision,Plus de 6 heures,Oui,3-4 heures,Ordinateur;Smartphone,"Messagerie (WhatsApp, Signal, etc.);Instagram;Snapchat;YouTube",2 à 3 heures,Non,,,Netflix;YouTube;Twitch,3 à 4 heures,Relations sociales;Productivité,"Oui, sans succès",Non,Très fréquemment (toutes les 15 minutes),Oui,Bon,Modes de concentration/productivité sur les appareils,Oui,Oui
2025/04/06 10:19:43 PM GMT+2,60-70 ans,Féminin,VS,Retraité,Smartphone;Liseuse;Télévision,1-2 heures,Non,,,"Messagerie (WhatsApp, Signal, etc.);Facebook",30 minutes à 1 heure,Non,,,Aucune,1 à 2 heures,Productivité,"Oui, sans succès",Non,Rarement,Oui,Très bon,Limites de temps d'écran définies dans les paramètres des applications;Mode “ne pas déranger”,Pas pour le moment,Non
2025/04/13 08:32:53 PM GMT+2,15-19 ans,Féminin,NE,Élève/Étudiant,Smartphone;Ordinateur de bureau;Console de jeux;Télévision;Montre connectée,Plus de 6 heures,Oui,1-2 heures,Ordinateur,"Messagerie (WhatsApp, Signal, etc.);TikTok;Instagram;Snapchat;YouTube",2 à 3 heures,Oui,Smartphone,3-4 heures,Disney+;YouTube;Twitch,3 à 4 heures,,"Oui, sans succès",Oui,Très fréquemment (toutes les 15 minutes),Oui,Mauvais,Aucune stratégie,Oui,Je peux mieux faire
2025/04/02 08:41:37 AM GMT+2,40-49 ans,Féminin,NE,Employé,Smartphone;Tablette;Console de jeux;Télévision,5-6 heures,Oui,3-4 heures,Ordinateur,"Messagerie (WhatsApp, Signal, etc.);YouTube",2 à 3 heures,Non,,,YouTube,1 à 2 heures,Santé mentale;Sommeil;Motivation,"Non, jamais",Non,Occasionnellement (quelques fois par heure),Non,Moyen,Aucune stratégie,Oui,Oui
2025/03/31 01:45:19 AM GMT+2,15-19 ans,Féminin,NE,Élève/Étudiant,Smartphone;Ordinateur portable;Ordinateur de bureau;Liseuse;Console de jeux;Télévision;Montre connectée,5-6 heures,Oui,3-4 heures,Ordinateur;Smartphone,"Messagerie (WhatsApp, Signal, etc.);TikTok;Instagram;Snapchat;YouTube;Facebook",2 à 3 heures,Oui,Smartphone,3-4 heures,YouTube,1 à 2 heures,,"Non, jamais",Oui,Fréquemment (toutes les 30 minutes),Oui,Moyen,Limites de temps d'écran définies dans les paramètres des applications,Non,Non
2025/04/02 10:13:31 PM GMT+2,30-39 ans,Masculin,NE,Sans emploi,Smartphone;Télévision;Montre connectée,5-6 heures,Oui,1-2 heures,Ordinateur;Tablette;Smartphone,"Messagerie (WhatsApp, Signal, etc.);Instagram;YouTube;LinkedIn",1 à 2 heures,Non,,,YouTube,2 à 3 heures,Aucun impact,"Oui, sans succès",Oui,Jamais,Oui,Mauvais,Aucune stratégie,Non,Je peux mieux faire
2025/04/08 11:28:20 AM GMT+2,10-14 ans,Masculin,NE,Élève/Étudiant,Smartphone;Ordinateur portable;Console de jeux,5-6 heures,Oui,4-5 heures,Ordinateur;Smartphone,TikTok;Instagram;Snapchat;YouTube,1 à 2 heures,Oui,Console de jeux,1-2 heures,Disney+;YouTube,1 à 2 heures,Santé mentale;Relations sociales,"Non, jamais",Oui,Très fréquemment (toutes les 15 minutes),Non,Moyen,Aucune stratégie,Non,Oui
2025/04/27 07:06:16 AM GMT+2,20-29 ans,Féminin,NE,Élève/Étudiant,Smartphone;Ordinateur de bureau;Console de jeux;Télévision,Plus de 6 heures,Oui,3-4 heures,Ordinateur,TikTok;Instagram;Snapchat;YouTube,3 à 4 heures,Oui,Console de jeux;Ordinateur;Tablette,3-4 heures,Netflix;YouTube;Twitch,2 à 3 heures,,"Oui, sans succès",Non,Très fréquemment (toutes les 15 minutes),Oui,Bon,Aucune stratégie,Pas pour le moment,Oui
2025/04/27 09:01:37 PM GMT+2,30-39 ans,Masculin,NE,Employé,Smartphone;Télévision,3-4 heures,Oui,4-5 heures,Ordinateur;Smartphone,"Messagerie (WhatsApp, Signal, etc.);Twitter/X;Facebook",1 à 2 heures,Oui,Ordinateur,1-2 heures,Netflix;YouTube;Twitch,2 à 3 heures,,"Non, jamais",Non,Rarement,Non,Très mauvais,Aucune stratégie,Oui,Oui
2025/04/11 02:03:47 PM GMT+2,15-19 ans,Féminin,VD,Élève/Étudiant,Smartphone;Ordinateur portable;Console de jeux;Télévision,Plus de 6 heures,Oui,1-2 heures,Ordinateur;Tablette,TikTok;Instagram;Snapchat;YouTube;Facebook,Plus de 4 heures,Non,,,YouTube,3 à 4 heures,Santé mentale;Sommeil;Relations sociales;Motivation,"Oui, sans succès",Oui,Très fréquemment (toutes les 15 minutes),Oui,Bon,Limites de temps d'écran définies dans les paramètres des applications;Désactivation des notifications,Oui,Oui
2025/04/13 10:57:41 AM GMT+2,20-29 ans,Féminin,JU,Élève/Étudiant,Smartphone;Tablette;Montre connectée,5-6 heures,Oui,3-4 heures,Ordinateur,TikTok;Snapchat;YouTube;LinkedIn,Plus de 4 heures,Non,,,Netflix,Moins de 1 heure,Relations sociales;Motivation,"Oui, sans succès",Non,Très fréquemment (toutes les 15 minutes),Oui,Moyen,Aucune stratégie,Non,Oui
2025/04/05 09:22:25 PM GMT+2,10-14 ans,Féminin,GE,Élève/Étudiant,Smartphone;Ordinateur portable;Console de jeux;Télévision,3-4 heures,Oui,1-2 heures,Ordinateur;Smartphone,"Messagerie (WhatsApp, Signal, etc.);TikTok;Instagram;Snapchat;YouTube;Facebook",3 à 4 heures,Oui,Smartphone,1-2 heures,Disney+;YouTube,1 à 2 heures,,"Oui, sans succès",Non,Occasionnellement (quelques fois par heure),Oui,Bon,Aucune stratégie,Non,Oui
2025/04/25 05:29:28 AM GMT+2,15-19 ans,Féminin,JU,Employé,Smartphone;Télévision,5-6 heures,Oui,4-5 heures,Ordinateur,Snapchat;YouTube,1 à 2 heures,Oui,Tablette,3-4 heures,Netflix;YouTube;Twitch,3 à 4 heures,Santé mentale;Sommeil;Productivité,"Oui, sans succès",Non,Très fréquemment (toutes les 15 minutes),Oui,Moyen,Aucune stratégie,Oui,Oui
2025/04/11 11:37:06 PM GMT+2,60-70 ans,Masculin,NE,Retraité,Smartphone;Ordinateur portable,1-2 heures,Oui,3-4 heures,Ordinateur,"Messagerie (WhatsApp, Signal, etc.);Facebook",30 minutes à 1 heure,Non,,,Amazon Prime Video,Moins de 1 heure,Sommeil,"Oui, avec succès",Non,Jamais,Non,Très bon,Modes de concentration/productivité sur les appareils,Oui,Non
2025/04/25 07:42:04 PM GMT+2,60-70 ans,Féminin,FR,Employé,Smartphone,3-4 heures,Oui,1-2 heures,Ordinateur,"Messagerie (WhatsApp, Signal, etc.);YouTube;Facebook",Moins de 30 minutes,Non,,,Amazon Prime Video;YouTube,1 à 2 heures,Santé mentale;Productivité,"Oui, avec succès",Oui,Rarement,Non,Moyen,Limites de temps d'écran définies dans les paramètres des applications,Non,Je peux mieux faire
2025/04/21 06:19:57 AM GMT+2,20-29 ans,Féminin,VD,Sans emploi,Smartphone;Ordinateur portable;Télévision,Moins d'une heure,Non,,,"Messagerie (WhatsApp, Signal, etc.);Facebook",Moins de 30 minutes,Oui,Smartphone,Plus de 6 heures,YouTube,Moins de 1 heure,Aucun impact,"Oui, avec succès",Non,Fréquemment (toutes les 30 minutes),Non,Bon,Modes de concentration/productivité sur les appareils,Non,Non
2025/04/15 07:36:03 PM GMT+2,15-19 ans,Masculin,NE,Élève/Étudiant,Smartphone;Ordinateur portable;Télévision,Plus de 6 heures,Oui,1-2 heures,Ordinateur;Tablette,"Messagerie (WhatsApp, Signal, etc.);TikTok;Instagram;Snapchat;Twitter/X;YouTube",2 à 3 heures,Oui,Ordinateur;Smartphone;Tablette,5-6 heures,Disney+;YouTube;Twitch,2 à 3 heures,Santé mentale;Sommeil;Relations sociales;Productivité,"Oui, sans succès",Non,Très fréquemment (toutes les 15 minutes),Oui,Moyen,Limites de temps d'écran définies dans les paramètres des applications,Oui,Oui
2025/04/20 10:24:42 PM GMT+2,30-39 ans,Féminin,NE,Employé,Smartphone;Ordinateur portable,Plus de 6 heures,Oui,3-4 heures,Ordinateur,"Messagerie (WhatsApp, Signal, etc.)",2 à 3 heures,Non,,,Netflix;YouTube,1 à 2 heures,Santé mentale;Productivité,"Oui, sans succès",Non,Occasionnellement (quelques fois par heure),Oui,Bon,Mode “ne pas déranger”,Oui,Oui
2025/04/27 06:44:54 AM GMT+2,30-39 ans,Féminin,NE,Employé,Smartphone;Ordinateur portable;Tablette;Télévision,3-4 heures,Oui,Plus de 5 heures,Ordinateur;Smartphone,"Messagerie (WhatsApp, Signal, etc.);TikTok;YouTube",1 à 2 heures,Oui,Ordinateur,1-2 heures,Netflix,Moins de 1 heure,Santé mentale;Motivation,"Oui, sans succès",Non,Très fréquemment (toutes les 15 minutes),Non,Bon,Mode “ne pas déranger”,Non,Oui
